Geographic code,Geographic name,Province or territory,"Incompletely enumerated Indian reserves and Indian settlements, 2016","Population, 2016","Population, 2011",2011 adjusted population flag,"Population, % change","Total private dwellings, 2016","Private dwellings occupied by usual residents, 2016","Land area in square kilometres, 2016","Population density per square kilometre, 2016"
535,Toronto (Census metropolitan area),Ontario,F,5928040,5583064,F,6.2,2235145,2135909,5905.84,1003.8
5350001,5350001,Ontario,F,595,604,F,-1.5,274,247,6.1,97.6
5350002,5350002,Ontario,F,620,657,F,-5.6,279,270,3.17,195.4
5350003,5350003,Ontario,F,749,673,F,11.3,267,258,0.91,820.5
5350004,5350004,Ontario,F,6686,6781,F,-1.4,3609,3455,0.34,19453
5350005,5350005,Ontario,F,6424,5510,F,16.6,3729,3424,0.38,17076
5350006,5350006,Ontario,F,0,0,F,,0,0,0.01,0
5350007.01,5350007.01,Ontario,F,3237,3325,F,-2.6,1827,1747,0.2,16233.7
5350007.02,5350007.02,Ontario,F,4753,4962,F,-4.2,2653,2506,0.44,10891.4
5350008.01,5350008.01,Ontario,F,7503,2729,T,174.9,5192,4954,0.3,25262.6
5350008.02,5350008.02,Ontario,F,9942,6553,T,51.7,6390,6060,1.86,5345.7
5350009,5350009,Ontario,F,567,271,F,109.2,169,166,0.1,5499.5
5350010.01,5350010.01,Ontario,F,5428,4608,F,17.8,3281,3147,0.26,20670.2
5350010.02,5350010.02,Ontario,F,7740,7113,F,8.8,4628,4447,0.55,14144.7
5350011,5350011,Ontario,F,17549,8645,F,103,15207,11891,0.98,17903.5
5350012.01,5350012.01,Ontario,F,11658,5911,F,97.2,7449,6881,0.42,27843.3
5350012.03,5350012.03,Ontario,F,8865,5892,T,50.5,5997,5311,0.47,19003.2
5350012.04,5350012.04,Ontario,F,4899,4772,T,2.7,3258,2956,0.23,21272.3
5350013.01,5350013.01,Ontario,F,6290,4739,T,32.7,4499,4059,0.34,18332.8
5350013.02,5350013.02,Ontario,F,8126,5862,T,38.6,5270,4725,0.42,19449.5
5350014,5350014,Ontario,F,1242,644,F,92.9,975,691,0.47,2628
5350015,5350015,Ontario,F,3663,3411,F,7.4,2451,2226,0.29,12807.7
5350016,5350016,Ontario,F,10101,6063,F,66.6,6527,6180,0.65,15430.8
5350017,5350017,Ontario,F,7906,6883,F,14.9,5250,4663,1.34,5889.5
5350018,5350018,Ontario,F,2456,2088,F,17.6,1319,1248,0.35,7081.9
5350019,5350019,Ontario,F,3258,3127,F,4.2,1410,1365,0.25,13089.6
5350020,5350020,Ontario,F,2390,2352,F,1.6,1028,1014,0.74,3236.3
5350021,5350021,Ontario,F,5199,5081,F,2.3,2830,2661,0.87,5977.9
5350022,5350022,Ontario,F,3883,3767,F,3.1,1577,1504,0.55,6998.9
5350023,5350023,Ontario,F,3208,3340,F,-4,1355,1286,0.69,4673.7
5350024,5350024,Ontario,F,6887,6590,F,4.5,3136,2963,0.71,9713.7
5350025,5350025,Ontario,F,3456,3277,F,5.5,1659,1610,0.53,6540.5
5350026,5350026,Ontario,F,6486,6394,F,1.4,2894,2695,0.78,8344.3
5350027,5350027,Ontario,F,4390,4459,F,-1.5,1818,1724,0.49,9046
5350028.01,5350028.01,Ontario,F,1387,988,T,40.4,728,684,0.21,6690.8
5350028.02,5350028.02,Ontario,F,6198,5130,T,20.8,3007,2836,0.46,13383.7
5350029,5350029,Ontario,F,6987,6495,F,7.6,3099,2962,0.67,10354.2
5350030,5350030,Ontario,F,4529,3831,F,18.2,2319,2195,0.38,11893.4
5350031,5350031,Ontario,F,6274,6176,F,1.6,2864,2765,0.26,24270.8
5350032,5350032,Ontario,F,5363,5264,F,1.9,2976,2641,0.42,12781.2
5350033,5350033,Ontario,F,5042,4979,F,1.3,3010,2733,0.32,15780.9
5350034.01,5350034.01,Ontario,F,4554,4504,F,1.1,2884,2268,0.12,36578.3
5350034.02,5350034.02,Ontario,F,5147,5207,F,-1.2,3409,3055,0.4,12922.4
5350035,5350035,Ontario,F,9876,7262,F,36,6772,5707,0.66,14900.4
5350036,5350036,Ontario,F,5487,4915,F,11.6,3641,3272,0.38,14311.4
5350037,5350037,Ontario,F,4494,4873,F,-7.8,2463,2116,0.45,9957.9
5350038,5350038,Ontario,F,3772,4029,F,-6.4,1820,1638,0.37,10303.2
5350039,5350039,Ontario,F,4192,4678,F,-10.4,1821,1709,0.32,13186.5
5350040,5350040,Ontario,F,4568,4904,F,-6.9,1961,1788,0.37,12396.2
5350041,5350041,Ontario,F,3453,3459,F,-0.2,1588,1453,0.32,10889.3
5350042,5350042,Ontario,F,4570,4532,F,0.8,2150,1965,0.49,9328.4
5350043,5350043,Ontario,F,3965,3907,F,1.5,1863,1704,0.55,7158.3
5350044,5350044,Ontario,F,8825,5033,F,75.3,5124,4629,0.49,17988.2
5350045,5350045,Ontario,F,3453,3637,F,-5.1,1567,1468,0.3,11693.2
5350046,5350046,Ontario,F,3281,3380,F,-2.9,1404,1330,0.42,7808.2
5350047.02,5350047.02,Ontario,F,3791,4189,F,-9.5,2083,1947,0.29,13209.1
5350047.03,5350047.03,Ontario,F,703,700,T,0.4,376,361,0.12,5952.6
5350047.04,5350047.04,Ontario,F,2846,2759,T,3.2,1253,1180,0.27,10394.4
5350048,5350048,Ontario,F,3557,3516,F,1.2,1660,1560,0.34,10617.9
5350049,5350049,Ontario,F,3663,3641,F,0.6,1506,1426,0.46,7879.1
5350050.01,5350050.01,Ontario,F,8746,6824,F,28.2,4553,4336,1.28,6816.8
5350050.03,5350050.03,Ontario,F,1109,1108,T,0.1,606,590,1.7,653.2
5350050.04,5350050.04,Ontario,F,5008,4844,T,3.4,2291,2212,0.76,6589.5
5350051,5350051,Ontario,F,5399,5323,F,1.4,2570,2313,0.69,7807.7
5350052,5350052,Ontario,F,4077,3886,F,4.9,1933,1839,0.5,8134.5
5350053,5350053,Ontario,F,5982,5639,F,6.1,2840,2712,0.68,8755.9
5350054,5350054,Ontario,F,5803,5810,F,-0.1,2975,2724,0.7,8261.7
5350055,5350055,Ontario,F,2763,2693,F,2.6,1403,1320,0.28,10000
5350056,5350056,Ontario,F,4772,4778,F,-0.1,2170,2018,0.51,9367.9
5350057,5350057,Ontario,F,2311,2406,F,-3.9,1226,1108,0.27,8674.9
5350058,5350058,Ontario,F,3980,3869,F,2.9,2063,1888,0.38,10351.1
5350059,5350059,Ontario,F,3837,3955,F,-3,1621,1447,0.37,10466.4
5350060,5350060,Ontario,F,2685,2400,F,11.9,1669,1471,0.27,9885.9
5350061,5350061,Ontario,F,1085,1427,F,-24,536,475,0.77,1414.2
5350062.01,5350062.01,Ontario,F,5595,4981,F,12.3,3852,3302,0.11,52387.6
5350062.02,5350062.02,Ontario,F,9084,6461,F,40.6,6837,5374,0.59,15520.2
5350063.03,5350063.03,Ontario,F,5104,3527,T,44.7,3640,3405,0.09,54646.7
5350063.04,5350063.04,Ontario,F,3370,3407,T,-1.1,2409,2264,0.14,23917.7
5350063.05,5350063.05,Ontario,F,4331,3556,T,21.8,3429,2943,0.13,33315.4
5350063.06,5350063.06,Ontario,F,5171,4737,T,9.2,3761,3519,0.19,26890.3
5350064,5350064,Ontario,F,4311,3858,F,11.7,2898,2683,0.19,22130.4
5350065.01,5350065.01,Ontario,F,2483,2430,T,2.2,1496,1394,0.09,28872.1
5350065.02,5350065.02,Ontario,F,11821,11544,T,2.4,5715,5481,0.14,82433.8
5350066,5350066,Ontario,F,7608,8032,F,-5.3,4597,4425,0.33,23166.9
5350067,5350067,Ontario,F,1694,1677,F,1,868,814,0.65,2600.6
5350068,5350068,Ontario,F,2367,2344,F,1,1296,1203,0.42,5655.9
5350069,5350069,Ontario,F,4923,5271,F,-6.6,2011,1894,0.86,5734.4
5350070,5350070,Ontario,F,3512,3416,F,2.8,1774,1712,0.44,7980
5350071,5350071,Ontario,F,3481,3504,F,-0.7,1521,1402,0.46,7498.9
5350072.01,5350072.01,Ontario,F,4586,4641,F,-1.2,1949,1864,0.41,11315.1
5350072.02,5350072.02,Ontario,F,3141,3122,F,0.6,1320,1261,0.54,5850.3
5350073,5350073,Ontario,F,2605,2751,F,-5.3,1077,1007,0.36,7292.8
5350074,5350074,Ontario,F,3848,3629,F,6,1710,1598,0.4,9624.8
5350075,5350075,Ontario,F,4083,4060,F,0.6,1839,1760,0.5,8190.6
5350076,5350076,Ontario,F,4415,3950,F,11.8,1993,1937,0.46,9646.1
5350077,5350077,Ontario,F,4670,4476,F,4.3,1968,1907,0.61,7652
5350078,5350078,Ontario,F,6016,5949,F,1.1,2980,2854,0.78,7760.6
5350079,5350079,Ontario,F,7327,6991,F,4.8,2986,2887,1.02,7194.6
5350080.01,5350080.01,Ontario,F,3352,3414,F,-1.8,1496,1428,0.47,7104.7
5350080.02,5350080.02,Ontario,F,4686,4485,F,4.5,2073,2011,0.39,11996.9
5350081,5350081,Ontario,F,2848,2792,F,2,1140,1076,0.37,7741.2
5350082,5350082,Ontario,F,2766,2605,F,6.2,1060,1027,0.31,8971.8
5350083,5350083,Ontario,F,4052,4047,F,0.1,1908,1822,0.45,9077.1
5350084,5350084,Ontario,F,3810,3754,F,1.5,1613,1498,0.41,9317.7
5350085,5350085,Ontario,F,3994,3899,F,2.4,2154,2078,0.49,8112.9
5350086,5350086,Ontario,F,2661,2679,F,-0.7,965,921,1.14,2337.1
5350087,5350087,Ontario,F,5155,5074,F,1.6,2652,2491,1.6,3218.5
5350088,5350088,Ontario,F,3249,3016,F,7.7,1997,1821,0.23,14144.5
5350089,5350089,Ontario,F,3896,3288,F,18.5,2995,2345,0.33,11816.8
5350090,5350090,Ontario,F,4144,3680,F,12.6,2584,2347,0.39,10512.4
5350091.01,5350091.01,Ontario,F,6031,6065,F,-0.6,3639,3224,0.51,11788.5
5350091.02,5350091.02,Ontario,F,3525,3359,F,4.9,2288,2009,0.33,10773.2
5350092,5350092,Ontario,F,7278,7151,F,1.8,4113,3718,0.63,11576.3
5350093,5350093,Ontario,F,5652,5634,F,0.3,2490,2291,0.62,9148.6
5350094,5350094,Ontario,F,4950,5072,F,-2.4,2177,2048,0.64,7742.8
5350095,5350095,Ontario,F,3095,3130,F,-1.1,1392,1319,0.32,9809.8
5350096.01,5350096.01,Ontario,F,1658,1660,T,-0.1,694,658,0.2,8265.2
5350096.02,5350096.02,Ontario,F,3336,3329,T,0.2,1494,1398,0.35,9553.3
5350097.01,5350097.01,Ontario,F,4322,4290,F,0.7,1758,1621,0.38,11305.3
5350097.03,5350097.03,Ontario,F,1207,1062,T,13.7,783,679,0.17,7029.7
5350097.04,5350097.04,Ontario,F,5462,4350,T,25.6,2528,2392,0.32,16816.5
5350098,5350098,Ontario,F,7099,6785,F,4.6,3123,3002,0.72,9924.5
5350099,5350099,Ontario,F,6585,6369,F,3.4,3380,3241,0.58,11326.1
5350100,5350100,Ontario,F,2956,2518,F,17.4,1492,1432,0.29,10224.8
5350101,5350101,Ontario,F,3128,3092,F,1.2,1595,1464,0.43,7272.7
5350102.02,5350102.02,Ontario,F,4313,4301,F,0.3,2688,2535,0.12,37309.7
5350102.03,5350102.03,Ontario,F,3682,3121,F,18,2178,2095,0.13,28128.3
5350102.04,5350102.04,Ontario,F,671,704,T,-4.7,309,285,0.1,6623.9
5350102.05,5350102.05,Ontario,F,861,812,T,6,359,340,0.12,7235.3
5350103,5350103,Ontario,F,6050,5985,F,1.1,2627,2527,0.84,7221.3
5350104,5350104,Ontario,F,5525,5314,F,4,2141,2054,0.74,7491.5
5350105,5350105,Ontario,F,4509,4537,F,-0.6,1917,1790,0.55,8133.1
5350106,5350106,Ontario,F,3773,3880,F,-2.8,1427,1343,1.37,2752.4
5350107,5350107,Ontario,F,5085,5873,F,-13.4,1880,1751,0.72,7074.3
5350108,5350108,Ontario,F,6013,6137,F,-2,2679,2475,0.74,8168.7
5350109,5350109,Ontario,F,5496,4953,F,11,2299,2203,0.63,8778.2
5350110,5350110,Ontario,F,3577,3393,F,5.4,1557,1434,0.55,6556.1
5350111,5350111,Ontario,F,2507,2623,F,-4.4,968,902,0.46,5499
5350112,5350112,Ontario,F,5295,5031,F,5.2,2181,2035,0.5,10556.2
5350113,5350113,Ontario,F,2754,2696,F,2.2,1197,1118,0.38,7203.8
5350114,5350114,Ontario,F,5349,5318,F,0.6,2471,2369,0.62,8561.1
5350115,5350115,Ontario,F,4372,4474,F,-2.3,1670,1597,0.38,11652.5
5350116,5350116,Ontario,F,4628,4194,F,10.3,2044,1921,0.68,6827
5350117,5350117,Ontario,F,2211,2101,F,5.2,1165,1106,0.39,5653.3
5350118,5350118,Ontario,F,4127,3900,F,5.8,2183,1990,0.69,5948.4
5350119,5350119,Ontario,F,4630,4486,F,3.2,2485,2310,0.85,5436.8
5350120,5350120,Ontario,F,1381,1360,F,1.5,697,654,0.26,5367.3
5350121,5350121,Ontario,F,2659,2210,F,20.3,1629,1448,0.3,8946.8
5350122,5350122,Ontario,F,6220,5931,F,4.9,3655,3443,0.53,11654.5
5350123,5350123,Ontario,F,2268,2151,F,5.4,1494,1467,0.08,30240
5350124,5350124,Ontario,F,5416,5354,F,1.2,3470,3278,0.56,9725.3
5350125,5350125,Ontario,F,4442,4508,F,-1.5,1618,1543,1.12,3965.7
5350126,5350126,Ontario,F,4248,4106,F,3.5,1746,1693,1.45,2931.3
5350127,5350127,Ontario,F,5450,5367,F,1.5,2325,2236,0.74,7358.9
5350128.02,5350128.02,Ontario,F,8705,8345,F,4.3,5052,4766,0.52,16779.1
5350128.04,5350128.04,Ontario,F,4698,4202,F,11.8,2994,2927,0.16,29000
5350128.05,5350128.05,Ontario,F,945,953,T,-0.8,366,304,0.18,5203.7
5350128.06,5350128.06,Ontario,F,4199,4025,T,4.3,2601,2523,0.09,48882.4
5350129,5350129,Ontario,F,5770,4948,F,16.6,2787,2622,0.93,6221.7
5350130,5350130,Ontario,F,3543,3720,F,-4.8,1365,1279,1.28,2769.5
5350131,5350131,Ontario,F,5310,5405,F,-1.8,2505,2360,1.04,5083.3
5350132,5350132,Ontario,F,5467,5473,F,-0.1,2155,2038,0.92,5912.8
5350133,5350133,Ontario,F,7339,7001,F,4.8,3629,3408,0.67,10998.1
5350134,5350134,Ontario,F,2959,2788,F,6.1,1076,1033,0.42,7092.5
5350135,5350135,Ontario,F,6047,5630,F,7.4,3316,3054,0.72,8442
5350136.01,5350136.01,Ontario,F,6128,6073,F,0.9,4023,3779,0.19,31916.7
5350136.02,5350136.02,Ontario,F,4983,4995,F,-0.2,3459,3198,0.21,23706
5350137,5350137,Ontario,F,7077,6509,F,8.7,3644,3509,0.91,7740.3
5350138,5350138,Ontario,F,3103,3132,F,-0.9,1250,1181,0.97,3214.2
5350139.01,5350139.01,Ontario,F,4167,4145,T,0.5,1904,1824,0.77,5385.8
5350139.02,5350139.02,Ontario,F,2542,2526,T,0.6,961,920,0.51,4989.2
5350140,5350140,Ontario,F,2408,2479,F,-2.9,826,791,0.57,4209.8
5350141.01,5350141.01,Ontario,F,4320,4249,F,1.7,1685,1620,0.55,7854.5
5350141.02,5350141.02,Ontario,F,4477,4599,F,-2.7,1624,1561,0.69,6512
5350142,5350142,Ontario,F,5810,5693,F,2.1,2313,2237,1.04,5565.7
5350150,5350150,Ontario,F,4201,4190,F,0.3,1640,1586,1.07,3939.4
5350151,5350151,Ontario,F,3784,3731,F,1.4,1577,1535,0.63,5979.8
5350152,5350152,Ontario,F,4545,4318,F,5.3,1846,1764,0.85,5317.7
5350153,5350153,Ontario,F,4462,4602,F,-3,1783,1685,0.93,4811.3
5350154,5350154,Ontario,F,6157,5801,F,6.1,2899,2818,2.1,2936
5350155,5350155,Ontario,F,3128,3297,F,-5.1,1316,1206,0.81,3848.4
5350156.01,5350156.01,Ontario,F,5688,5818,F,-2.2,2365,2273,0.61,9395.4
5350156.02,5350156.02,Ontario,F,2811,2749,F,2.3,1124,1073,0.59,4747.5
5350157,5350157,Ontario,F,2635,2643,F,-0.3,1107,1016,0.46,5689.9
5350158,5350158,Ontario,F,2848,2240,F,27.1,1346,1250,0.64,4451.4
5350159.01,5350159.01,Ontario,F,3487,3837,F,-9.1,1386,1223,0.49,7081.6
5350159.02,5350159.02,Ontario,F,4723,4561,F,3.6,1843,1709,0.58,8209.6
5350160,5350160,Ontario,F,3116,3230,F,-3.5,1246,1143,0.73,4241.2
5350161,5350161,Ontario,F,6839,6621,F,3.3,2689,2537,0.81,8432.8
5350162,5350162,Ontario,F,5119,4968,F,3,2059,1952,0.58,8890.2
5350163,5350163,Ontario,F,4358,4348,F,0.2,1882,1762,0.45,9590.7
5350164,5350164,Ontario,F,6258,6331,F,-1.2,2629,2515,0.63,9966.6
5350165,5350165,Ontario,F,4370,4300,F,1.6,2031,1943,0.48,9012.2
5350166,5350166,Ontario,F,4180,4178,F,0,1691,1625,0.79,5317.4
5350167.01,5350167.01,Ontario,F,1879,1801,F,4.3,1483,1312,0.13,14001.5
5350167.02,5350167.02,Ontario,F,5815,5630,F,3.3,3143,2998,0.6,9667.5
5350168,5350168,Ontario,F,5475,5426,F,0.9,2665,2458,0.57,9678.3
5350169.01,5350169.01,Ontario,F,3472,3433,F,1.1,1457,1334,0.38,9182.8
5350169.02,5350169.02,Ontario,F,7464,7424,F,0.5,3318,3202,0.44,17041.1
5350170,5350170,Ontario,F,3321,3445,F,-3.6,1305,1201,1.01,3274.8
5350171,5350171,Ontario,F,4055,3919,F,3.5,1613,1522,0.61,6668.3
5350172,5350172,Ontario,F,2522,2569,F,-1.8,1183,1128,1.21,2083.8
5350173,5350173,Ontario,F,3694,3168,F,16.6,1528,1438,0.6,6141.3
5350174,5350174,Ontario,F,7264,7334,F,-1,2751,2723,1.05,6928
5350175.01,5350175.01,Ontario,F,6036,5953,F,1.4,2551,2406,0.79,7676.5
5350175.02,5350175.02,Ontario,F,7679,7988,F,-3.9,3813,3585,0.71,10824.6
5350176,5350176,Ontario,F,4277,4229,F,1.1,1697,1609,1,4257.4
5350180,5350180,Ontario,F,6556,6517,F,0.6,2875,2765,0.61,10679.3
5350181.01,5350181.01,Ontario,F,4313,4326,F,-0.3,1940,1858,0.57,7560
5350181.02,5350181.02,Ontario,F,3552,3500,F,1.5,1664,1591,0.6,5901.3
5350182,5350182,Ontario,F,5531,5366,F,3.1,2297,2186,0.76,7272.8
5350183.01,5350183.01,Ontario,F,2603,2535,T,2.7,1048,1007,0.52,4966.6
5350183.02,5350183.02,Ontario,F,3938,3919,T,0.5,1584,1522,0.43,9196.6
5350184.01,5350184.01,Ontario,F,5108,4892,F,4.4,2346,2307,0.47,10767.3
5350184.02,5350184.02,Ontario,F,3768,3760,F,0.2,1694,1642,0.56,6757.5
5350185.01,5350185.01,Ontario,F,6810,6772,F,0.6,3507,3394,0.5,13647.3
5350185.02,5350185.02,Ontario,F,4689,4791,F,-2.1,2305,2269,1.2,3921.6
5350186,5350186,Ontario,F,2416,2298,F,5.1,949,913,1.86,1297.7
5350187,5350187,Ontario,F,3448,3405,F,1.3,1424,1351,1.2,2878.1
5350188,5350188,Ontario,F,2017,1953,F,3.3,842,797,0.55,3655.3
5350189,5350189,Ontario,F,5462,5472,F,-0.2,2226,2180,1.24,4406.3
5350190.01,5350190.01,Ontario,F,9127,9077,F,0.6,3577,3507,0.4,22681.4
5350190.02,5350190.02,Ontario,F,4765,4615,F,3.3,2102,2026,0.58,8197.1
5350191,5350191,Ontario,F,4229,4214,F,0.4,1853,1779,0.82,5137.3
5350192,5350192,Ontario,F,905,956,F,-5.3,462,440,0.92,986.8
5350193,5350193,Ontario,F,3314,3059,F,8.3,1070,1043,1.38,2396.2
5350194.01,5350194.01,Ontario,F,5498,5313,F,3.5,1482,1463,0.22,24922.9
5350194.02,5350194.02,Ontario,F,6240,5659,F,10.3,1934,1923,0.35,18013.9
5350194.03,5350194.03,Ontario,F,2933,2762,F,6.2,1238,1229,0.25,11722.6
5350194.04,5350194.04,Ontario,F,6437,5491,F,17.2,2571,2508,2.29,2813.5
5350195.01,5350195.01,Ontario,F,4483,4334,T,3.4,1656,1604,0.95,4737.4
5350195.02,5350195.02,Ontario,F,2317,2258,T,2.6,920,894,0.38,6124.8
5350196.01,5350196.01,Ontario,F,1977,2373,T,-16.7,811,775,0.38,5237.1
5350196.02,5350196.02,Ontario,F,5635,5748,T,-2,2376,2250,1.11,5097.7
5350200.01,5350200.01,Ontario,F,5614,5400,T,4,3143,3055,0.53,10524.9
5350200.02,5350200.02,Ontario,F,981,960,T,2.2,680,649,0.14,6903.6
5350201,5350201,Ontario,F,5371,4922,F,9.1,2989,2776,0.75,7138.5
5350202,5350202,Ontario,F,1647,1640,F,0.4,653,631,0.34,4903.2
5350203,5350203,Ontario,F,3160,3017,F,4.7,1507,1431,0.59,5364.1
5350204,5350204,Ontario,F,4537,4380,F,3.6,2310,2210,0.74,6122.8
5350205,5350205,Ontario,F,149,184,F,-19,0,0,0.73,204.8
5350206.01,5350206.01,Ontario,F,4217,3972,F,6.2,2151,2041,1.11,3783.8
5350206.02,5350206.02,Ontario,F,5867,5660,F,3.7,2994,2774,1.09,5406.9
5350207,5350207,Ontario,F,2605,2302,F,13.2,1285,1181,0.67,3867.3
5350208,5350208,Ontario,F,4172,4034,F,3.4,2062,1981,1.29,3223.9
5350209,5350209,Ontario,F,2718,2747,F,-1.1,1338,1252,0.69,3922.1
5350210.01,5350210.01,Ontario,F,3083,2619,T,17.7,1008,971,2.96,1041.6
5350210.02,5350210.02,Ontario,F,11390,5236,T,117.5,9168,7016,0.91,12511
5350211,5350211,Ontario,F,6350,6286,F,1,2512,2447,3.27,1941.2
5350212,5350212,Ontario,F,5704,5618,F,1.5,2220,2169,1.68,3397.9
5350213.01,5350213.01,Ontario,F,2666,2568,T,3.8,1021,990,0.94,2829.5
5350213.02,5350213.02,Ontario,F,6045,4224,T,43.1,3246,3134,6.99,864.7
5350214,5350214,Ontario,F,5069,4307,F,17.7,2466,2389,2.82,1794.9
5350215,5350215,Ontario,F,6748,6565,F,2.8,2991,2789,2.6,2600
5350216,5350216,Ontario,F,5532,5494,F,0.7,2238,2163,1.98,2793.5
5350217,5350217,Ontario,F,5692,5782,F,-1.6,2917,2756,1.21,4704.5
5350218,5350218,Ontario,F,2652,2657,F,-0.2,1060,1025,0.68,3882.3
5350219,5350219,Ontario,F,4427,4193,F,5.6,1690,1644,1.36,3254
5350220,5350220,Ontario,F,4177,4069,F,2.7,1597,1584,1.3,3219.5
5350221.01,5350221.01,Ontario,F,6377,6367,F,0.2,2751,2725,1.62,3925.8
5350221.02,5350221.02,Ontario,F,5202,4376,F,18.9,2167,2064,0.81,6461.3
5350222.01,5350222.01,Ontario,F,6699,5409,F,23.8,2626,2557,1.29,5213.2
5350222.02,5350222.02,Ontario,F,5141,5124,F,0.3,1830,1782,1.2,4283.1
5350223.01,5350223.01,Ontario,F,1522,1488,T,2.3,536,530,0.87,1744.6
5350223.02,5350223.02,Ontario,F,2136,2153,T,-0.8,793,771,0.87,2449
5350224,5350224,Ontario,F,1696,1743,F,-2.7,578,573,1.04,1624.1
5350225.01,5350225.01,Ontario,F,4981,5034,F,-1.1,2387,2316,0.93,5330.1
5350225.02,5350225.02,Ontario,F,9706,7777,F,24.8,5006,4859,0.3,31843.8
5350226,5350226,Ontario,F,3167,3216,F,-1.5,1262,1212,0.95,3321.8
5350227,5350227,Ontario,F,1750,1748,F,0.1,637,626,0.49,3558.4
5350228,5350228,Ontario,F,3131,2951,F,6.1,1418,1362,0.82,3829.5
5350229,5350229,Ontario,F,1223,1255,F,-2.5,393,384,0.32,3819.5
5350230.01,5350230.01,Ontario,F,2537,2279,F,11.3,1109,1082,1.45,1752.3
5350230.02,5350230.02,Ontario,F,6537,6176,F,5.8,2775,2606,0.99,6631.2
5350231,5350231,Ontario,F,6461,6488,F,-0.4,2722,2566,3.03,2133.5
5350232,5350232,Ontario,F,3825,3995,F,-4.3,1348,1306,2.05,1869.5
5350233,5350233,Ontario,F,5530,5459,F,1.3,2032,1982,2.08,2658.3
5350234,5350234,Ontario,F,4524,4550,F,-0.6,1645,1600,2.12,2136.7
5350235.01,5350235.01,Ontario,F,2841,2812,F,1,1009,997,1.41,2019.3
5350235.02,5350235.02,Ontario,F,5277,5397,F,-2.2,2039,2010,1.08,4894.7
5350236.01,5350236.01,Ontario,F,6646,6551,F,1.5,2560,2519,0.99,6734.9
5350236.02,5350236.02,Ontario,F,5946,6051,F,-1.7,2284,2256,3.95,1504.1
5350237.01,5350237.01,Ontario,F,6816,6258,F,8.9,2468,2410,1.19,5750.4
5350237.02,5350237.02,Ontario,F,2986,2861,F,4.4,1077,1061,0.96,3126
5350237.03,5350237.03,Ontario,F,5638,5522,F,2.1,2626,2544,1.07,5274.1
5350238.01,5350238.01,Ontario,F,3350,3336,F,0.4,1259,1231,1.04,3227
5350238.02,5350238.02,Ontario,F,5244,5199,F,0.9,2070,1953,0.98,5342.3
5350239,5350239,Ontario,F,6481,6571,F,-1.4,2511,2383,2.53,2561.6
5350240.01,5350240.01,Ontario,F,3366,3366,F,0,1291,1263,1.27,2644.8
5350240.02,5350240.02,Ontario,F,6043,5715,F,5.7,2621,2558,1.05,5782.8
5350241,5350241,Ontario,F,3231,3127,F,3.3,1030,1003,1.09,2967.2
5350242,5350242,Ontario,F,1674,1741,F,-3.8,610,575,0.61,2759.2
5350243.01,5350243.01,Ontario,F,6658,6457,F,3.1,2236,2142,0.32,21129.8
5350243.02,5350243.02,Ontario,F,3617,3496,F,3.5,1342,1304,1.22,2975.7
5350244.01,5350244.01,Ontario,F,5677,5795,F,-2,2009,1945,1.43,3957.2
5350244.02,5350244.02,Ontario,F,3779,3755,F,0.6,1335,1274,1.43,2640.3
5350245,5350245,Ontario,F,6934,6903,F,0.4,2672,2567,1.42,4879.7
5350246,5350246,Ontario,F,3595,3585,F,0.3,1317,1279,1.07,3351
5350247.01,5350247.01,Ontario,F,8727,8842,F,-1.3,2931,2748,17.29,504.8
5350247.02,5350247.02,Ontario,F,7167,6864,F,4.4,2537,2385,3.23,2221.5
5350248.02,5350248.02,Ontario,F,5671,5724,F,-0.9,1864,1784,1.21,4688.3
5350248.03,5350248.03,Ontario,F,2619,2789,F,-6.1,789,754,3.73,701.7
5350248.04,5350248.04,Ontario,F,4771,5359,F,-11,1671,1496,1.48,3220
5350248.05,5350248.05,Ontario,F,4332,4475,F,-3.2,1413,1310,1.12,3859.9
5350249.01,5350249.01,Ontario,F,4650,4812,F,-3.4,1428,1341,0.83,5603.8
5350249.03,5350249.03,Ontario,F,5696,5771,F,-1.3,1704,1592,2.96,1922.3
5350249.04,5350249.04,Ontario,F,3344,3283,F,1.9,999,952,0.69,4872.5
5350249.05,5350249.05,Ontario,F,5476,5518,F,-0.8,1584,1534,0.64,8507.1
5350250.01,5350250.01,Ontario,F,5432,5172,F,5,1618,1545,1.38,3940.2
5350250.02,5350250.02,Ontario,F,4928,4966,F,-0.8,1854,1735,1.93,2559.7
5350250.04,5350250.04,Ontario,F,6206,6031,F,2.9,2057,1994,0.48,12840.9
5350250.05,5350250.05,Ontario,F,7607,7420,F,2.5,2288,2270,0.67,11273
5350260.01,5350260.01,Ontario,F,6748,6869,F,-1.8,2431,2398,0.72,9423.3
5350260.04,5350260.04,Ontario,F,4147,4090,F,1.4,1498,1480,0.19,22046.8
5350260.05,5350260.05,Ontario,F,4020,3800,F,5.8,1369,1332,0.25,15808.1
5350260.06,5350260.06,Ontario,F,3348,3304,T,1.3,1132,1116,0.93,3603.9
5350260.07,5350260.07,Ontario,F,3670,4105,T,-10.6,1534,1504,0.34,10693.5
5350261,5350261,Ontario,F,5501,5450,F,0.9,2284,2194,1.91,2881
5350262.01,5350262.01,Ontario,F,5736,5472,F,4.8,2752,2728,0.67,8549.7
5350262.02,5350262.02,Ontario,F,6273,6260,F,0.2,2526,2490,2.14,2931.9
5350263.02,5350263.02,Ontario,F,3471,3175,F,9.3,1680,1629,2.01,1730.1
5350263.03,5350263.03,Ontario,F,4906,5514,F,-11,2106,2060,1.56,3143.3
5350263.04,5350263.04,Ontario,F,6531,5247,F,24.5,3616,3536,0.67,9694.2
5350264,5350264,Ontario,F,1301,1447,F,-10.1,482,435,3.47,375.4
5350265,5350265,Ontario,F,4756,4047,F,17.5,1855,1742,2.68,1773.2
5350266,5350266,Ontario,F,3209,3219,F,-0.3,1141,1064,2.76,1163.8
5350267,5350267,Ontario,F,6368,6606,F,-3.6,2133,2062,2.71,2350.9
5350268,5350268,Ontario,F,6419,6376,F,0.7,2938,2837,3.03,2120.7
5350269.01,5350269.01,Ontario,F,5056,4924,F,2.7,2354,2081,0.74,6811.3
5350269.02,5350269.02,Ontario,F,2569,2574,F,-0.2,951,923,1.74,1477.8
5350270.01,5350270.01,Ontario,F,4980,5152,F,-3.3,2117,1953,1.12,4431
5350270.02,5350270.02,Ontario,F,4264,4093,F,4.2,1636,1611,0.76,5639.5
5350271.01,5350271.01,Ontario,F,2429,2413,F,0.7,899,893,0.89,2718.5
5350271.02,5350271.02,Ontario,F,4815,4801,F,0.3,1765,1749,0.71,6791.3
5350272.01,5350272.01,Ontario,F,5987,5884,F,1.8,2408,2342,0.46,13152.5
5350272.02,5350272.02,Ontario,F,4705,4776,F,-1.5,1791,1763,1,4711.1
5350273.01,5350273.01,Ontario,F,4014,4035,F,-0.5,1311,1231,3.19,1258.9
5350273.02,5350273.02,Ontario,F,4160,4318,F,-3.7,1530,1477,1.29,3228.1
5350274.01,5350274.01,Ontario,F,4900,4871,F,0.6,1788,1756,1.52,3213.3
5350274.02,5350274.02,Ontario,F,4738,4734,F,0.1,2056,1964,1.33,3558.7
5350275,5350275,Ontario,F,5836,5782,F,0.9,2451,2347,1.98,2953.6
5350276.01,5350276.01,Ontario,F,6446,6389,F,0.9,2764,2642,1.23,5257.3
5350276.02,5350276.02,Ontario,F,6870,6720,F,2.2,2514,2398,1.28,5354.6
5350277,5350277,Ontario,F,4084,4294,F,-4.9,1323,1220,1.03,3973.1
5350278,5350278,Ontario,F,7734,7770,F,-0.5,2944,2679,1.33,5798
5350279.01,5350279.01,Ontario,F,4028,4179,F,-3.6,1665,1523,1.21,3317.1
5350279.02,5350279.02,Ontario,F,6503,6823,F,-4.7,2195,2117,1.58,4120.5
5350280,5350280,Ontario,F,7333,7364,F,-0.4,2993,2920,2.14,3424.1
5350281.01,5350281.01,Ontario,F,6484,6475,F,0.1,2324,2256,0.96,6740.8
5350281.02,5350281.02,Ontario,F,3940,3948,F,-0.2,1350,1306,0.42,9462.1
5350282,5350282,Ontario,F,4480,4406,F,1.7,1663,1607,2.22,2021.4
5350283.01,5350283.01,Ontario,F,5399,5333,F,1.2,1965,1938,0.93,5814.8
5350283.02,5350283.02,Ontario,F,4542,4618,F,-1.6,1761,1712,1.17,3892
5350284,5350284,Ontario,F,6840,6914,F,-1.1,2427,2349,1.41,4841.8
5350285,5350285,Ontario,F,3271,3283,F,-0.4,1269,1207,1.11,2942.6
5350286,5350286,Ontario,F,4273,3685,F,16,1987,1704,3.25,1316.1
5350287.02,5350287.02,Ontario,F,6732,6874,F,-2.1,2401,2246,1.06,6364.8
5350287.03,5350287.03,Ontario,F,3432,3723,T,-7.8,1444,1305,0.48,7088
5350287.04,5350287.04,Ontario,F,4474,3719,T,20.3,2069,2017,0.59,7530.7
5350288,5350288,Ontario,F,9970,8441,F,18.1,4165,4002,2.63,3790.9
5350289,5350289,Ontario,F,4713,4532,F,4,1779,1725,1.3,3618.7
5350290.01,5350290.01,Ontario,F,3620,3487,T,3.8,1515,1475,0.94,3834.3
5350290.02,5350290.02,Ontario,F,1534,1204,T,27.4,782,717,0.35,4434.8
5350291.02,5350291.02,Ontario,F,4947,4833,F,2.4,2010,1927,1.15,4315.6
5350291.03,5350291.03,Ontario,F,2302,2274,T,1.2,945,903,0.42,5516.4
5350291.04,5350291.04,Ontario,F,1585,1577,T,0.5,680,654,0.52,3073.5
5350292,5350292,Ontario,F,6721,6942,F,-3.2,2893,2247,3.74,1796.3
5350293,5350293,Ontario,F,6242,4304,F,45,2197,2103,1.99,3132.4
5350294.01,5350294.01,Ontario,F,4386,4343,F,1,1586,1547,0.86,5104.2
5350294.02,5350294.02,Ontario,F,4504,4663,F,-3.4,1453,1384,1.03,4392
5350295,5350295,Ontario,F,5180,5336,F,-2.9,2035,1907,1.08,4785.7
5350296,5350296,Ontario,F,64,131,F,-51.1,19,19,4.64,13.8
5350297.01,5350297.01,Ontario,F,7313,6866,F,6.5,3119,3027,1.14,6417.7
5350297.02,5350297.02,Ontario,F,6502,6171,F,5.4,2716,2552,1.51,4306.5
5350298,5350298,Ontario,F,4661,4482,F,4,1605,1566,2.27,2051.1
5350299.01,5350299.01,Ontario,F,6256,6015,F,4,2319,2207,2.89,2162.5
5350299.02,5350299.02,Ontario,F,5247,4145,F,26.6,3019,2815,0.16,32937.9
5350300,5350300,Ontario,F,13667,10038,F,36.2,7532,6956,1.03,13220.2
5350301.01,5350301.01,Ontario,F,2915,2862,F,1.9,1087,1071,0.9,3253.3
5350301.03,5350301.03,Ontario,F,6949,4402,F,57.9,2944,2789,0.27,25398.4
5350301.04,5350301.04,Ontario,F,5859,4069,F,44,2615,2502,1.43,4107.8
5350302.01,5350302.01,Ontario,F,6253,6387,F,-2.1,2406,2358,1.23,5088.3
5350302.02,5350302.02,Ontario,F,6140,6177,F,-0.6,2092,2037,1.08,5663.7
5350302.03,5350302.03,Ontario,F,3425,3580,F,-4.3,1205,1124,0.69,4935.9
5350303,5350303,Ontario,F,5355,5425,F,-1.3,1893,1819,1.06,5035.7
5350304.01,5350304.01,Ontario,F,4541,4540,F,0,1633,1610,0.25,18215
5350304.02,5350304.02,Ontario,F,4777,4168,F,14.6,1885,1832,1.21,3941.1
5350304.03,5350304.03,Ontario,F,2898,2938,F,-1.4,994,968,0.97,2998.1
5350304.04,5350304.04,Ontario,F,3724,3668,F,1.5,1415,1404,0.23,15887.4
5350304.05,5350304.05,Ontario,F,2847,2881,F,-1.2,1112,1096,0.7,4050.4
5350304.06,5350304.06,Ontario,F,5807,6057,F,-4.1,2258,2207,0.75,7754
5350305.01,5350305.01,Ontario,F,4451,4586,F,-2.9,1626,1564,2.42,1842
5350305.03,5350305.03,Ontario,F,4914,4865,F,1,2338,2178,0.71,6907.5
5350305.04,5350305.04,Ontario,F,9133,5282,F,72.9,5153,4822,1,9093
5350306.01,5350306.01,Ontario,F,4574,4679,F,-2.2,1586,1478,1.17,3902.4
5350306.02,5350306.02,Ontario,F,4793,4375,F,9.6,1831,1714,1.12,4283.3
5350307.03,5350307.03,Ontario,F,5039,5000,F,0.8,2359,2238,0.11,45726
5350307.04,5350307.04,Ontario,F,7035,6276,F,12.1,3530,3360,0.15,45980.4
5350307.05,5350307.05,Ontario,F,3581,3538,F,1.2,2038,1926,0.1,34235.2
5350307.06,5350307.06,Ontario,F,5424,5498,F,-1.3,2374,2266,0.1,52053.7
5350307.07,5350307.07,Ontario,F,6321,5637,F,12.1,2651,2366,1.22,5160.8
5350308.02,5350308.02,Ontario,F,4310,4437,F,-2.9,1688,1588,1.42,3025
5350308.03,5350308.03,Ontario,F,1147,1162,T,-1.3,425,385,0.4,2891.4
5350308.04,5350308.04,Ontario,F,11479,9405,T,22.1,5941,5576,1.09,10577.8
5350309,5350309,Ontario,F,6383,6323,F,0.9,2354,2308,0.74,8605.9
5350310.01,5350310.01,Ontario,F,3512,3367,F,4.3,1271,1204,1.42,2470.3
5350310.02,5350310.02,Ontario,F,5048,5201,F,-2.9,2028,1858,2.14,2357.4
5350311.02,5350311.02,Ontario,F,5823,5930,F,-1.8,2308,2141,0.89,6536.8
5350311.03,5350311.03,Ontario,F,2651,2648,F,0.1,923,863,0.8,3326.2
5350311.04,5350311.04,Ontario,F,6552,6864,F,-4.5,2436,2247,0.96,6845.7
5350311.05,5350311.05,Ontario,F,6823,6576,F,3.8,2681,2593,0.35,19748.2
5350311.06,5350311.06,Ontario,F,5744,5695,F,0.9,2703,2326,10.23,561.4
5350312.02,5350312.02,Ontario,F,3448,3624,F,-4.9,1185,1077,0.52,6580.2
5350312.03,5350312.03,Ontario,F,6420,6518,F,-1.5,2219,2164,1.49,4316.5
5350312.04,5350312.04,Ontario,F,5763,5930,F,-2.8,1820,1718,0.73,7942.4
5350312.05,5350312.05,Ontario,F,3836,3803,F,0.9,1348,1295,0.35,11089.9
5350312.06,5350312.06,Ontario,F,3444,3626,F,-5,1086,1058,0.46,7513.1
5350312.07,5350312.07,Ontario,F,3076,3226,F,-4.6,1312,1221,0.62,4929.5
5350313,5350313,Ontario,F,5554,5496,F,1.1,1945,1808,2.86,1938.6
5350314.01,5350314.01,Ontario,F,5036,5055,F,-0.4,1741,1676,0.43,11766.4
5350314.02,5350314.02,Ontario,F,4955,5302,F,-6.5,1704,1568,1.07,4610.6
5350315.01,5350315.01,Ontario,F,3368,3333,F,1.1,1223,1122,1.47,2285.1
5350315.02,5350315.02,Ontario,F,3543,3666,F,-3.4,1170,1076,0.43,8283.8
5350315.03,5350315.03,Ontario,F,5505,5526,F,-0.4,1895,1699,6.01,915.9
5350316.01,5350316.01,Ontario,F,3910,4023,F,-2.8,1301,1224,1.77,2203.2
5350316.03,5350316.03,Ontario,F,5888,5761,F,2.2,2039,1948,0.4,14694.3
5350316.04,5350316.04,Ontario,F,4275,4415,F,-3.2,1760,1679,0.47,9193.5
5350316.05,5350316.05,Ontario,F,3992,4148,F,-3.8,1373,1309,0.41,9827.7
5350316.06,5350316.06,Ontario,F,3672,3710,F,-1,1198,1164,0.41,9064.4
5350317.02,5350317.02,Ontario,F,7347,7215,F,1.8,3408,3336,0.43,16999.1
5350317.03,5350317.03,Ontario,F,3688,3665,F,0.6,1264,1245,1.19,3090.8
5350317.04,5350317.04,Ontario,F,6627,6016,F,10.2,2594,2534,0.72,9179.9
5350317.05,5350317.05,Ontario,F,2229,2227,F,0.1,834,811,0.5,4499.4
5350318,5350318,Ontario,F,8574,8371,F,2.4,3568,3330,1.91,4497.7
5350319,5350319,Ontario,F,4191,4168,F,0.6,1616,1527,1.2,3487.8
5350320.01,5350320.01,Ontario,F,5197,4813,F,8,2103,2036,0.74,7054.4
5350320.02,5350320.02,Ontario,F,5869,5700,F,3,2129,2067,0.85,6883.7
5350321.01,5350321.01,Ontario,F,3830,3839,F,-0.2,1340,1258,1.26,3046
5350321.02,5350321.02,Ontario,F,4030,4128,F,-2.4,1497,1429,1.22,3310.6
5350322.01,5350322.01,Ontario,F,4737,4917,F,-3.7,2371,2242,0.21,22774
5350322.02,5350322.02,Ontario,F,3500,3539,F,-1.1,1262,1185,1.41,2487.4
5350323.01,5350323.01,Ontario,F,4289,4102,F,4.6,1746,1706,1.03,4148.4
5350323.02,5350323.02,Ontario,F,5367,5624,F,-4.6,1935,1849,1.85,2895.3
5350324.01,5350324.01,Ontario,F,3498,3804,F,-8,1214,1143,1.18,2958.9
5350324.02,5350324.02,Ontario,F,6123,6458,F,-5.2,2256,2133,1.89,3233.9
5350324.03,5350324.03,Ontario,F,3862,4098,F,-5.8,1762,1701,2.17,1781.9
5350324.05,5350324.05,Ontario,F,3388,3488,F,-2.9,1405,1382,0.66,5163.1
5350324.06,5350324.06,Ontario,F,3561,3612,F,-1.4,1219,1182,0.66,5433.3
5350330,5350330,Ontario,F,4288,4240,F,1.1,1757,1730,2.19,1954.7
5350331.01,5350331.01,Ontario,F,5629,5576,F,1,2287,2261,1.52,3703
5350331.03,5350331.03,Ontario,F,6162,5912,F,4.2,1931,1877,0.51,12072.9
5350331.04,5350331.04,Ontario,F,3212,3224,F,-0.4,1288,1261,1.06,3029.9
5350332,5350332,Ontario,F,7350,7473,F,-1.6,2914,2785,1.53,4815.6
5350333,5350333,Ontario,F,4695,4774,F,-1.7,1710,1644,2.4,1956.9
5350334,5350334,Ontario,F,3500,3593,F,-2.6,1358,1274,2.38,1470.2
5350335,5350335,Ontario,F,7740,7336,F,5.5,3026,2984,2.23,3468.1
5350336,5350336,Ontario,F,6772,6691,F,1.2,2553,2393,1.63,4144.2
5350337.01,5350337.01,Ontario,F,721,669,T,7.8,357,316,0.2,3574.6
5350337.02,5350337.02,Ontario,F,2155,2264,T,-4.8,888,862,0.62,3480.3
5350338,5350338,Ontario,F,5956,5639,F,5.6,2729,2627,1.65,3609.5
5350339,5350339,Ontario,F,6687,6593,F,1.4,3110,3000,1.82,3664.7
5350340,5350340,Ontario,F,6771,6541,F,3.5,2557,2457,1.28,5310.6
5350341.02,5350341.02,Ontario,F,4379,3992,F,9.7,1860,1777,0.78,5624.9
5350341.03,5350341.03,Ontario,F,3436,5073,F,-32.3,1465,1334,0.41,8475.6
5350341.04,5350341.04,Ontario,F,6030,4432,F,36.1,2261,2171,0.67,8986.6
5350342,5350342,Ontario,F,7561,6407,F,18,2414,2376,1.23,6133.2
5350343,5350343,Ontario,F,4218,4075,F,3.5,1620,1517,1.1,3841.5
5350344.01,5350344.01,Ontario,F,5186,5038,F,2.9,1990,1880,1.06,4879.1
5350344.02,5350344.02,Ontario,F,3365,3452,F,-2.5,1850,1829,0.22,15240
5350345,5350345,Ontario,F,3938,3680,F,7,1328,1258,0.79,5000.6
5350346.01,5350346.01,Ontario,F,4634,4888,F,-5.2,1717,1609,1.52,3048.9
5350346.02,5350346.02,Ontario,F,5388,5095,F,5.8,2066,2029,0.4,13449.8
5350347,5350347,Ontario,F,2833,2610,F,8.5,931,924,1.5,1883.4
5350348,5350348,Ontario,F,5601,5137,F,9,2007,1972,2.32,2417.9
5350349,5350349,Ontario,F,5720,5644,F,1.3,2335,2309,0.88,6528.9
5350350,5350350,Ontario,F,5419,5412,F,0.1,2063,1986,3.36,1612
5350351.01,5350351.01,Ontario,F,5497,5284,F,4,2130,2051,0.97,5639.1
5350351.02,5350351.02,Ontario,F,2756,2712,F,1.6,1116,1088,0.57,4871.8
5350352,5350352,Ontario,F,5309,5387,F,-1.4,1945,1892,1.13,4709.5
5350353.02,5350353.02,Ontario,F,5305,5263,F,0.8,1697,1649,1.21,4372.4
5350353.03,5350353.03,Ontario,F,3107,3189,F,-2.6,1100,1075,0.41,7596.6
5350353.04,5350353.04,Ontario,F,4509,4461,F,1.1,1650,1590,0.63,7162.8
5350354,5350354,Ontario,F,5403,5086,F,6.2,1826,1695,1.33,4053.3
5350355.02,5350355.02,Ontario,F,5214,5374,F,-3,1980,1919,1.11,4718.1
5350355.04,5350355.04,Ontario,F,5270,5255,F,0.3,1810,1776,0.58,9131.9
5350355.05,5350355.05,Ontario,F,3033,3080,T,-1.5,1056,993,0.31,9650
5350355.06,5350355.06,Ontario,F,1643,1470,T,11.8,603,559,0.19,8543.9
5350356,5350356,Ontario,F,4833,4610,F,4.8,1633,1555,1.55,3109.4
5350357.01,5350357.01,Ontario,F,7123,7266,F,-2,2490,2404,1.05,6776.7
5350357.02,5350357.02,Ontario,F,4940,4890,F,1,1774,1693,1.11,4467
5350358.01,5350358.01,Ontario,F,3397,3460,F,-1.8,1180,1129,1.11,3060.4
5350358.02,5350358.02,Ontario,F,4732,4590,F,3.1,2021,1955,0.62,7657
5350358.03,5350358.03,Ontario,F,5598,5565,F,0.6,2304,2217,1.1,5101.1
5350359,5350359,Ontario,F,7558,7058,F,7.1,2773,2687,2.24,3380
5350360,5350360,Ontario,F,6107,5874,F,4,2040,1998,4.52,1352
5350361.01,5350361.01,Ontario,F,5804,5869,F,-1.1,1963,1928,2.93,1981.7
5350361.02,5350361.02,Ontario,F,7558,7224,F,4.6,2476,2451,2.46,3075.6
5350362.01,5350362.01,Ontario,F,6300,6279,F,0.3,2153,2083,2.48,2540.7
5350362.02,5350362.02,Ontario,F,5628,5902,F,-4.6,1731,1626,1.94,2895.8
5350362.03,5350362.03,Ontario,F,6866,7195,F,-4.6,2176,2074,3.26,2107.9
5350362.04,5350362.04,Ontario,F,5019,4996,F,0.5,1796,1756,1.35,3709.5
5350363.02,5350363.02,Ontario,F,3253,3233,F,0.6,1115,1106,1.2,2716.5
5350363.04,5350363.04,Ontario,F,3668,3624,F,1.2,1119,1106,1.13,3254.1
5350363.05,5350363.05,Ontario,F,4538,4721,F,-3.9,1776,1694,0.5,9018.3
5350363.06,5350363.06,Ontario,F,7307,6658,F,9.7,3439,3326,0.83,8815.3
5350363.07,5350363.07,Ontario,F,5338,5566,F,-4.1,1971,1925,2.28,2344.6
5350364.01,5350364.01,Ontario,F,5996,6009,F,-0.2,2034,1973,2.91,2062.7
5350364.02,5350364.02,Ontario,F,3053,2942,F,3.8,1004,957,0.74,4104.6
5350365,5350365,Ontario,F,6497,6772,F,-4.1,2028,1946,1.57,4145.3
5350366,5350366,Ontario,F,6136,6130,F,0.1,2143,2069,1.44,4260.2
5350367.01,5350367.01,Ontario,F,4710,4896,F,-3.8,1398,1375,0.71,6605.9
5350367.02,5350367.02,Ontario,F,3548,3620,F,-2,1218,1186,1.03,3442.7
5350368.01,5350368.01,Ontario,F,6843,5516,F,24.1,3786,3582,0.89,7702.6
5350368.02,5350368.02,Ontario,F,4315,4308,F,0.2,1464,1399,1.57,2742.5
5350369,5350369,Ontario,F,8094,7703,F,5.1,2520,2441,2.47,3281.6
5350370.01,5350370.01,Ontario,F,9977,10205,F,-2.2,3792,3725,1.77,5648.2
5350370.02,5350370.02,Ontario,F,5580,4975,F,12.2,1849,1803,2.27,2454
5350370.03,5350370.03,Ontario,F,4137,3796,F,9,1409,1357,0.86,4826.2
5350371,5350371,Ontario,F,7626,6999,F,9,2691,2570,3.72,2052.7
5350372,5350372,Ontario,F,4346,4364,F,-0.4,1504,1440,1.33,3263
5350373,5350373,Ontario,F,4806,4599,F,4.5,1869,1801,0.96,5002.1
5350374.01,5350374.01,Ontario,F,4848,4844,F,0.1,1717,1656,1.19,4081.8
5350374.02,5350374.02,Ontario,F,3215,3265,F,-1.5,1084,1053,0.8,4007.7
5350374.03,5350374.03,Ontario,F,4184,4247,F,-1.5,1718,1655,0.81,5176.9
5350375.01,5350375.01,Ontario,F,6324,6131,F,3.1,2817,2733,0.95,6633.1
5350375.02,5350375.02,Ontario,F,1959,1950,F,0.5,702,694,0.61,3214.1
5350375.03,5350375.03,Ontario,F,5318,5412,F,-1.7,1917,1866,0.81,6537.2
5350375.04,5350375.04,Ontario,F,5300,5477,F,-3.2,1667,1633,0.92,5733.4
5350375.05,5350375.05,Ontario,F,7208,7320,F,-1.5,2484,2449,1.13,6374.8
5350376.01,5350376.01,Ontario,F,5094,5248,F,-2.9,1697,1584,1.05,4866.3
5350376.02,5350376.02,Ontario,F,5176,5278,F,-1.9,1656,1614,0.85,6067.3
5350376.04,5350376.04,Ontario,F,5460,5256,F,3.9,1866,1804,1.19,4572.9
5350376.05,5350376.05,Ontario,F,6860,7132,F,-3.8,2045,1998,1.29,5328.2
5350376.06,5350376.06,Ontario,F,484,515,F,-6,229,219,2.19,220.8
5350376.08,5350376.08,Ontario,F,6157,6378,F,-3.5,2176,2123,0.88,7006.1
5350376.09,5350376.09,Ontario,F,4638,4865,F,-4.7,1644,1602,0.8,5790.3
5350376.11,5350376.11,Ontario,F,3416,3627,F,-5.8,1067,1014,0.47,7257.3
5350376.12,5350376.12,Ontario,F,5318,5460,F,-2.6,1922,1887,0.91,5829.2
5350376.13,5350376.13,Ontario,F,3902,3976,F,-1.9,1386,1362,0.51,7636
5350376.14,5350376.14,Ontario,F,3763,3788,F,-0.7,1091,1053,0.74,5110.7
5350376.15,5350376.15,Ontario,F,3696,3943,F,-6.3,1574,1518,0.92,4016.5
5350376.16,5350376.16,Ontario,F,4226,3737,F,13.1,1672,1621,0.27,15565.4
5350377.01,5350377.01,Ontario,F,8996,6650,F,35.3,3752,3574,2.06,4366.1
5350377.02,5350377.02,Ontario,F,4405,4683,F,-5.9,1493,1407,1.91,2311.2
5350377.03,5350377.03,Ontario,F,2815,2866,F,-1.8,892,868,0.65,4329.4
5350377.04,5350377.04,Ontario,F,5939,6114,F,-2.9,1746,1682,0.88,6722.1
5350377.06,5350377.06,Ontario,F,3809,3856,F,-1.2,1001,980,0.51,7442.4
5350377.07,5350377.07,Ontario,F,4857,5162,F,-5.9,1321,1282,0.76,6351.5
5350378.02,5350378.02,Ontario,F,3257,3374,F,-3.5,979,929,1.06,3073.8
5350378.03,5350378.03,Ontario,F,7363,7593,F,-3,2503,2434,2.21,3336.5
5350378.04,5350378.04,Ontario,F,6148,6109,F,0.6,1826,1753,1.28,4806.5
5350378.05,5350378.05,Ontario,F,3907,4028,F,-3,1235,1201,0.73,5369.7
5350378.06,5350378.06,Ontario,F,6063,6252,F,-3,1754,1671,1.79,3386.2
5350378.07,5350378.07,Ontario,F,7099,7281,F,-2.5,2311,2226,2.8,2535.2
5350378.08,5350378.08,Ontario,F,6263,6571,F,-4.7,1997,1953,0.89,7071.2
5350378.11,5350378.11,Ontario,F,5693,5874,F,-3.1,1748,1713,0.96,5910.5
5350378.12,5350378.12,Ontario,F,5181,5293,F,-2.1,1904,1828,0.78,6609.3
5350378.14,5350378.14,Ontario,F,3892,4074,F,-4.5,1184,1168,0.93,4189
5350378.16,5350378.16,Ontario,F,6103,6438,F,-5.2,2005,1923,0.63,9615.6
5350378.17,5350378.17,Ontario,F,3336,3499,F,-4.7,961,903,0.47,7036.5
5350378.18,5350378.18,Ontario,F,2765,2881,F,-4,1114,1100,0.09,30384.6
5350378.19,5350378.19,Ontario,F,5162,5223,F,-1.2,1438,1411,4.5,1146.1
5350378.2,5350378.2,Ontario,F,2093,2263,F,-7.5,775,769,0.11,19114.2
5350378.21,5350378.21,Ontario,F,3948,3627,F,8.9,1056,1043,0.7,5623.9
5350378.22,5350378.22,Ontario,F,3454,3640,F,-5.1,891,877,0.53,6492.5
5350378.23,5350378.23,Ontario,F,4095,4248,F,-3.6,1334,1302,1.53,2676.3
5350378.24,5350378.24,Ontario,F,6109,6406,F,-4.6,2218,2147,2.53,2415.7
5350378.25,5350378.25,Ontario,F,7931,7558,F,4.9,1885,1858,4.77,1664.2
5350378.26,5350378.26,Ontario,F,4761,4675,F,1.8,1165,1144,1.63,2927.5
5350378.27,5350378.27,Ontario,F,5806,5627,F,3.2,1556,1530,20,290.3
5350378.28,5350378.28,Ontario,F,7175,7451,F,-3.7,2041,1925,2.22,3236.4
5350400.02,5350400.02,Ontario,F,5911,6261,F,-5.6,1914,1877,1.67,3531.7
5350400.03,5350400.03,Ontario,F,2961,3032,F,-2.3,966,945,0.8,3717.5
5350400.04,5350400.04,Ontario,F,1961,2026,F,-3.2,757,724,3.29,596.8
5350400.06,5350400.06,Ontario,F,3062,3075,F,-0.4,1046,1034,0.94,3243
5350400.07,5350400.07,Ontario,F,3316,3397,F,-2.4,1201,1175,1.57,2108.9
5350400.08,5350400.08,Ontario,F,2844,2771,F,2.6,1413,1358,1.75,1628.7
5350400.11,5350400.11,Ontario,F,6259,6472,F,-3.3,1651,1564,1.67,3743.6
5350400.12,5350400.12,Ontario,F,6829,7219,F,-5.4,2223,2188,1.73,3956.3
5350400.13,5350400.13,Ontario,F,6678,6233,F,7.1,1704,1651,1.28,5231.1
5350400.14,5350400.14,Ontario,F,6116,6328,F,-3.4,1604,1530,1.05,5799.9
5350400.15,5350400.15,Ontario,F,4629,4739,F,-2.3,1605,1586,2.14,2158.2
5350400.16,5350400.16,Ontario,F,5388,5586,F,-3.5,1465,1446,2.22,2428.7
5350400.17,5350400.17,Ontario,F,4679,4825,F,-3,1276,1179,0.6,7827
5350400.18,5350400.18,Ontario,F,2507,2604,F,-3.7,776,699,0.3,8472.5
5350400.19,5350400.19,Ontario,F,10048,7253,F,38.5,3081,3031,2.49,4036
5350400.2,5350400.2,Ontario,F,4250,2668,F,59.3,1227,1182,5.24,811.6
5350400.21,5350400.21,Ontario,F,2102,2047,F,2.7,612,603,3.53,595.6
5350400.22,5350400.22,Ontario,F,9623,8586,F,12.1,2426,2384,14.8,650.3
5350400.23,5350400.23,Ontario,F,8556,8626,F,-0.8,2116,2078,4.27,2003.8
5350401.04,5350401.04,Ontario,F,3305,3605,F,-8.3,1006,982,0.74,4465.6
5350401.05,5350401.05,Ontario,F,2424,2164,F,12,1509,1265,8.21,295.1
5350401.06,5350401.06,Ontario,F,4891,5246,F,-6.8,1524,1484,1.76,2785.9
5350401.07,5350401.07,Ontario,F,4112,4374,F,-6,1468,1409,1.75,2349.3
5350401.08,5350401.08,Ontario,F,3345,3489,F,-4.1,1083,1057,1.44,2318.9
5350401.09,5350401.09,Ontario,F,8404,8906,F,-5.6,2839,2737,2.21,3805
5350401.1,5350401.1,Ontario,F,4723,5084,F,-7.1,1479,1452,4.05,1167.2
5350401.11,5350401.11,Ontario,F,6784,7061,F,-3.9,1862,1788,1.12,6076.1
5350401.13,5350401.13,Ontario,F,6440,6434,F,0.1,1859,1770,0.99,6501.8
5350401.14,5350401.14,Ontario,F,7822,8267,F,-5.4,2307,2257,2.35,3327.7
5350401.15,5350401.15,Ontario,F,2759,2819,F,-2.1,1171,1132,1.11,2480.7
5350401.17,5350401.17,Ontario,F,3510,3723,F,-5.7,995,957,1.11,3160.2
5350401.18,5350401.18,Ontario,F,6141,3452,F,77.9,3357,2978,6.16,997
5350401.19,5350401.19,Ontario,F,6820,6842,F,-0.3,2048,1954,1.67,4095.1
5350401.2,5350401.2,Ontario,F,4453,4846,F,-8.1,1157,1115,0.63,7079.5
5350401.21,5350401.21,Ontario,F,2920,3141,F,-7,796,743,0.47,6224.7
5350401.22,5350401.22,Ontario,F,8579,7854,F,9.2,2544,2473,2.22,3857.6
5350401.23,5350401.23,Ontario,F,1946,2096,F,-7.2,553,542,1.76,1103.6
5350402.01,5350402.01,Ontario,F,2465,2586,F,-4.7,862,852,1.97,1251.1
5350402.02,5350402.02,Ontario,F,5455,3350,F,62.8,2379,2189,1.71,3197.7
5350402.03,5350402.03,Ontario,F,3177,3130,F,1.5,1237,1214,1.54,2063.3
5350402.04,5350402.04,Ontario,F,5061,5231,F,-3.2,1832,1812,2.84,1780.2
5350402.05,5350402.05,Ontario,F,2005,2137,F,-6.2,752,705,1.42,1412.7
5350402.06,5350402.06,Ontario,F,6031,5840,F,3.3,2468,2393,1.8,3354.3
5350402.07,5350402.07,Ontario,F,2054,2130,F,-3.6,764,751,1.29,1594.5
5350402.08,5350402.08,Ontario,F,6194,6446,F,-3.9,2312,2273,1.81,3421
5350402.09,5350402.09,Ontario,F,3699,3744,F,-1.2,1496,1461,1.56,2374.2
5350402.1,5350402.1,Ontario,F,3632,3725,F,-2.5,1438,1399,1.03,3527.2
5350402.12,5350402.12,Ontario,F,5937,4464,F,33,3054,2904,4.21,1409.1
5350402.13,5350402.13,Ontario,F,4965,5264,F,-5.7,1592,1577,3.17,1567.5
5350403.01,5350403.01,Ontario,F,7585,8143,F,-6.9,2195,2153,4.13,1835.8
5350403.04,5350403.04,Ontario,F,4330,4257,F,1.7,1271,1259,2.09,2070
5350403.05,5350403.05,Ontario,F,4155,3395,F,22.4,1308,1271,4.13,1007.2
5350403.07,5350403.07,Ontario,F,12001,7222,F,66.2,3621,3544,2.33,5154.4
5350403.09,5350403.09,Ontario,F,5012,5118,F,-2.1,1409,1401,0.85,5884.7
5350403.1,5350403.1,Ontario,F,5609,5051,F,11,1644,1614,1.19,4709.9
5350403.11,5350403.11,Ontario,F,10620,7311,F,45.3,2947,2914,2.09,5071.1
5350403.12,5350403.12,Ontario,F,9490,6699,F,41.7,2636,2595,2.5,3793.4
5350403.13,5350403.13,Ontario,F,6334,6377,F,-0.7,2246,2212,1.56,4048.1
5350403.14,5350403.14,Ontario,F,10117,6810,F,48.6,2894,2848,2.2,4604.5
5350403.15,5350403.15,Ontario,F,11854,6990,T,69.6,3742,3662,13.78,860.2
5350403.16,5350403.16,Ontario,F,4087,3138,T,30.2,1412,1344,60.07,68
5350410.02,5350410.02,Ontario,F,4396,4562,F,-3.6,1436,1414,0.8,5477.9
5350410.03,5350410.03,Ontario,F,7178,7085,F,1.3,2489,2449,1.88,3814
5350410.04,5350410.04,Ontario,F,3758,3868,F,-2.8,1213,1197,0.78,4845.3
5350410.05,5350410.05,Ontario,F,6241,6652,F,-6.2,1900,1867,4.39,1421
5350410.07,5350410.07,Ontario,F,3653,3776,F,-3.3,1068,1058,0.88,4168.7
5350410.09,5350410.09,Ontario,F,5354,4863,F,10.1,2140,2098,1.24,4327.9
5350410.1,5350410.1,Ontario,F,3963,4131,F,-4.1,1643,1605,0.51,7818.1
5350410.11,5350410.11,Ontario,F,4207,4234,F,-0.6,1210,1180,0.79,5318.6
5350410.12,5350410.12,Ontario,F,6623,5795,F,14.3,3649,3509,0.88,7521
5350410.13,5350410.13,Ontario,F,6909,7177,F,-3.7,1991,1970,3.51,1966.1
5350410.14,5350410.14,Ontario,F,6012,6355,F,-5.4,1859,1834,1.16,5182.8
5350410.15,5350410.15,Ontario,F,1827,1924,F,-5,606,602,0.76,2392.9
5350411.01,5350411.01,Ontario,F,5509,5716,F,-3.6,1926,1879,1.86,2957.7
5350411.04,5350411.04,Ontario,F,5598,5977,F,-6.3,1807,1782,1.49,3746.7
5350411.07,5350411.07,Ontario,F,4294,4536,F,-5.3,1364,1329,1.75,2450.8
5350411.08,5350411.08,Ontario,F,2418,2128,F,13.6,1307,846,29.65,81.6
5350411.09,5350411.09,Ontario,F,6332,6409,F,-1.2,1874,1853,1.4,4511.9
5350411.12,5350411.12,Ontario,F,5592,5687,F,-1.7,1571,1558,1.29,4326.2
5350411.15,5350411.15,Ontario,F,4243,4133,F,2.7,1410,1384,1.41,3011.1
5350411.16,5350411.16,Ontario,F,6414,6104,F,5.1,1868,1822,35.82,179.1
5350411.17,5350411.17,Ontario,F,7439,5479,F,35.8,2135,2092,4.12,1806.9
5350411.18,5350411.18,Ontario,F,11132,7911,F,40.7,3085,3070,2.85,3900.1
5350411.19,5350411.19,Ontario,F,8657,5710,F,51.6,2570,2498,4.2,2060.3
5350411.21,5350411.21,Ontario,F,2443,2527,F,-3.3,661,657,2.16,1131.9
5350411.22,5350411.22,Ontario,F,5492,5405,F,1.6,1599,1582,1.35,4064.5
5350411.23,5350411.23,Ontario,F,4587,3925,F,16.9,2102,2032,1.13,4061.4
5350411.24,5350411.24,Ontario,F,7393,7281,F,1.5,1848,1791,1.17,6318.3
5350411.25,5350411.25,Ontario,F,3435,3457,F,-0.6,922,911,0.94,3672.6
5350411.26,5350411.26,Ontario,F,5377,5352,F,0.5,1521,1518,1.02,5247.4
5350411.27,5350411.27,Ontario,F,4203,4225,F,-0.5,1119,1113,1.14,3690.1
5350411.28,5350411.28,Ontario,F,5152,4848,T,6.3,1482,1469,0.92,5618.9
5350411.29,5350411.29,Ontario,F,5482,5404,T,1.4,1583,1556,1.99,2755.5
5350411.3,5350411.3,Ontario,F,7289,7306,T,-0.2,2099,2078,1.61,4527.9
5350412.01,5350412.01,Ontario,F,6419,6643,F,-3.4,2358,2246,4.35,1476.9
5350412.02,5350412.02,Ontario,F,8918,7767,F,14.8,3836,3613,6.11,1459.4
5350412.04,5350412.04,Ontario,F,4387,4718,F,-7,1425,1410,7.01,625.7
5350412.06,5350412.06,Ontario,F,3475,3785,F,-8.2,1203,1186,1.05,3318.7
5350412.08,5350412.08,Ontario,F,2624,2770,F,-5.3,908,900,0.93,2831.2
5350412.1,5350412.1,Ontario,F,5860,6264,F,-6.4,1815,1765,1.96,2984.8
5350412.11,5350412.11,Ontario,F,4717,4618,F,2.1,1347,1335,26.99,174.8
5350412.12,5350412.12,Ontario,F,4027,4251,F,-5.3,1340,1323,1.03,3893.5
5350412.13,5350412.13,Ontario,F,4065,4306,F,-5.6,1329,1323,2.57,1579.2
5350412.14,5350412.14,Ontario,F,3400,3632,F,-6.4,1008,1004,2.19,1550.9
5350412.15,5350412.15,Ontario,F,5456,5425,F,0.6,1860,1814,4.49,1215.6
5350412.18,5350412.18,Ontario,F,7593,8074,F,-6,2257,2222,6.77,1121.4
5350412.19,5350412.19,Ontario,F,9559,9641,F,-0.9,2737,2711,2.83,3376.2
5350412.2,5350412.2,Ontario,F,5761,5804,F,-0.7,1702,1694,1.29,4477.7
5350412.21,5350412.21,Ontario,F,10,18,F,-44.4,6,6,3.92,2.6
5350412.22,5350412.22,Ontario,F,8811,7599,F,15.9,2393,2391,2.06,4277.4
5350412.24,5350412.24,Ontario,F,8371,8276,F,1.1,2295,2272,1.9,4409
5350412.25,5350412.25,Ontario,F,5508,5650,T,-2.5,1534,1508,1.58,3477.9
5350412.26,5350412.26,Ontario,F,6267,6209,T,0.9,1692,1680,0.81,7770.6
5350413.01,5350413.01,Ontario,F,9614,5551,T,73.2,3088,2814,70.39,136.6
5350413.02,5350413.02,Ontario,F,12789,7358,T,73.8,3467,3433,6.47,1977.3
5350420.03,5350420.03,Ontario,F,6503,6430,F,1.1,2471,2376,2.29,2842.5
5350420.05,5350420.05,Ontario,F,7714,6627,F,16.4,3120,2973,4.4,1751.7
5350420.06,5350420.06,Ontario,F,5147,5431,F,-5.2,1543,1511,1.67,3075.4
5350420.08,5350420.08,Ontario,F,4375,4596,F,-4.8,2072,1979,0.87,5021.2
5350420.09,5350420.09,Ontario,F,4537,4256,F,6.6,2283,2033,0.58,7800.9
5350420.1,5350420.1,Ontario,F,3727,3879,F,-3.9,978,965,3.28,1135.2
5350420.11,5350420.11,Ontario,F,6190,6739,F,-8.1,1765,1711,2.78,2229.2
5350420.13,5350420.13,Ontario,F,5570,5397,F,3.2,2236,2152,1.88,2965.1
5350420.14,5350420.14,Ontario,F,7143,6814,F,4.8,2951,2884,0.93,7698
5350420.15,5350420.15,Ontario,F,2349,2523,F,-6.9,704,679,0.93,2529.1
5350421.01,5350421.01,Ontario,F,6824,6747,F,1.1,2430,2285,4.44,1537.7
5350421.04,5350421.04,Ontario,F,3675,3710,F,-0.9,1632,1591,0.7,5265.8
5350421.05,5350421.05,Ontario,F,3600,3688,F,-2.4,1229,1204,1.02,3540.5
5350421.06,5350421.06,Ontario,F,3631,3854,F,-5.8,1449,1412,1.06,3414.8
5350421.07,5350421.07,Ontario,F,4097,4339,F,-5.6,1368,1310,1.56,2628.6
5350422.02,5350422.02,Ontario,F,5361,5182,F,3.5,2272,2068,1.87,2862.4
5350422.03,5350422.03,Ontario,F,6992,6955,F,0.5,2086,2045,3.6,1939.6
5350422.04,5350422.04,Ontario,F,3956,4189,F,-5.6,1161,1147,0.86,4613.4
5350422.05,5350422.05,Ontario,F,7090,7332,F,-3.3,2036,2006,1.57,4502.2
5350422.06,5350422.06,Ontario,F,5212,5332,F,-2.3,2310,2211,1.84,2836.5
5350423.01,5350423.01,Ontario,F,3719,3810,F,-2.4,1360,1298,1.74,2140.8
5350423.02,5350423.02,Ontario,F,7786,7523,F,3.5,2733,2666,2.65,2943.6
5350424.04,5350424.04,Ontario,F,2404,2597,F,-7.4,717,707,1.37,1758.7
5350424.05,5350424.05,Ontario,F,9297,8790,F,5.8,2982,2846,2.27,4094.7
5350424.07,5350424.07,Ontario,F,8404,6858,F,22.5,2493,2458,2.07,4056.2
5350424.08,5350424.08,Ontario,F,7399,7398,F,0,2162,2136,2.33,3181
5350424.09,5350424.09,Ontario,F,3607,2986,F,20.8,1219,1141,2.13,1697.3
5350424.1,5350424.1,Ontario,F,6495,6135,F,5.9,1905,1883,2.75,2361.6
5350424.11,5350424.11,Ontario,F,8070,7637,F,5.7,2663,2563,4.22,1911.9
5350424.13,5350424.13,Ontario,F,2373,1604,F,47.9,834,770,26,91.3
5350424.14,5350424.14,Ontario,F,13212,10999,T,20.1,3867,3820,4.95,2669.8
5350424.15,5350424.15,Ontario,F,9776,8127,T,20.3,2943,2848,6.92,1412.2
5350424.16,5350424.16,Ontario,F,8787,7057,T,24.5,2491,2438,3.59,2451
5350430.03,5350430.03,Ontario,F,5411,4733,F,14.3,1837,1796,3.16,1712.8
5350430.05,5350430.05,Ontario,F,7264,5139,T,41.4,2289,2277,2.15,3376.7
5350430.06,5350430.06,Ontario,F,6760,5162,T,31,1992,1986,1.9,3563.9
5350430.07,5350430.07,Ontario,F,7518,5237,T,43.6,2743,2689,9.58,784.8
5350430.08,5350430.08,Ontario,F,6072,4765,T,27.4,1947,1929,6.71,905.3
5350431.01,5350431.01,Ontario,F,6384,6110,F,4.5,2574,2509,48.88,130.6
5350431.02,5350431.02,Ontario,F,6428,6482,F,-0.8,2330,2169,133.85,48
5350440,5350440,Ontario,F,7105,6923,F,2.6,2580,2496,22.41,317
5350441.02,5350441.02,Ontario,F,4494,4588,F,-2,1841,1777,1.55,2892.5
5350441.03,5350441.03,Ontario,F,7295,7431,F,-1.8,2549,2496,3.04,2396.7
5350441.04,5350441.04,Ontario,F,5612,5840,F,-3.9,1695,1674,4.57,1229.3
5350442.02,5350442.02,Ontario,F,4059,4178,F,-2.8,1681,1630,1.6,2540.8
5350442.03,5350442.03,Ontario,F,5277,5697,F,-7.4,1714,1688,4.01,1316.6
5350442.04,5350442.04,Ontario,F,3669,3688,F,-0.5,1363,1333,1.48,2482.4
5350442.05,5350442.05,Ontario,F,7377,6960,F,6,2637,2602,3.53,2088.6
5350442.06,5350442.06,Ontario,F,10557,7898,F,33.7,3321,3155,7.65,1379.4
5350450.02,5350450.02,Ontario,F,3208,3172,F,1.1,1229,1184,1.44,2220.5
5350450.03,5350450.03,Ontario,F,8471,8280,F,2.3,2950,2914,5.09,1665.8
5350450.05,5350450.05,Ontario,F,5909,5737,F,3,1991,1982,2.98,1980.6
5350450.06,5350450.06,Ontario,F,7845,4773,F,64.4,2322,2276,3.35,2341.9
5350451.01,5350451.01,Ontario,F,2283,2365,F,-3.5,957,931,1.03,2226.7
5350451.02,5350451.02,Ontario,F,4932,4903,F,0.6,2360,2256,1.99,2475.7
5350451.03,5350451.03,Ontario,F,6952,7127,F,-2.5,2470,2417,2.52,2757
5350451.05,5350451.05,Ontario,F,4583,4696,F,-2.4,1488,1466,2.55,1797.8
5350451.06,5350451.06,Ontario,F,6596,6514,F,1.3,2090,2067,1.93,3422
5350451.07,5350451.07,Ontario,F,4979,4785,F,4.1,1551,1541,3.5,1423.7
5350452.01,5350452.01,Ontario,F,3153,3251,F,-3,1289,1243,1.42,2225.9
5350452.02,5350452.02,Ontario,F,4978,4928,F,1,2019,1882,1.44,3468
5350452.03,5350452.03,Ontario,F,5579,5655,F,-1.3,2160,2124,3.74,1492.2
5350452.05,5350452.05,Ontario,F,4892,4199,F,16.5,1378,1365,2.33,2095.8
5350452.06,5350452.06,Ontario,F,4529,3858,F,17.4,1311,1295,1.18,3841.1
5350452.07,5350452.07,Ontario,F,5335,5735,F,-7,1750,1730,1.97,2708
5350455,5350455,Ontario,F,8254,7479,F,10.4,2862,2788,127.15,64.9
5350456.01,5350456.01,Ontario,F,4480,4581,F,-2.2,1560,1513,61.81,72.5
5350456.02,5350456.02,Ontario,F,7199,6193,F,16.2,2436,2392,18.27,394.1
5350456.03,5350456.03,Ontario,F,4058,4220,F,-3.8,1421,1384,37.82,107.3
5350460.01,5350460.01,Ontario,F,7234,4894,F,47.8,2500,2373,25.93,278.9
5350460.02,5350460.02,Ontario,F,3557,3775,F,-5.8,1377,1230,113.6,31.3
5350461.01,5350461.01,Ontario,F,5658,3582,F,58,1834,1687,16.51,342.6
5350461.02,5350461.02,Ontario,F,8063,7648,F,5.4,3025,2854,177.2,45.5
5350470,5350470,Ontario,F,2790,2822,F,-1.1,1216,1088,33.85,82.4
5350471,5350471,Ontario,F,3276,3479,F,-5.8,1346,1183,171.16,19.1
5350472,5350472,Ontario,F,7475,6714,F,11.3,2763,2670,10.18,734.2
5350473.01,5350473.01,Ontario,F,6659,6419,F,3.7,2210,2187,3.8,1754.1
5350473.02,5350473.02,Ontario,F,6998,6944,F,0.8,2574,2508,3.18,2202.5
5350473.03,5350473.03,Ontario,F,3713,3729,F,-0.4,1496,1420,2.07,1790.3
5350474,5350474,Ontario,F,5517,5391,T,2.3,2755,2127,30.35,181.8
5350475,5350475,Ontario,F,6826,5971,F,14.3,2975,2711,13.17,518.4
5350476.01,5350476.01,Ontario,F,261,275,T,-5.1,565,118,14.55,17.9
5350476.02,5350476.02,Ontario,F,2164,2048,T,5.7,1352,927,19.99,108.2
5350480.01,5350480.01,Ontario,F,4069,4098,F,-0.7,1747,1686,3.46,1175.1
5350480.02,5350480.02,Ontario,F,11075,8065,F,37.3,3414,3360,3.56,3114.1
5350481.01,5350481.01,Ontario,F,8469,5163,F,64,2560,2531,3.9,2171
5350481.02,5350481.02,Ontario,F,4286,4443,F,-3.5,1662,1584,3.1,1381
5350482,5350482,Ontario,F,7426,6308,F,17.7,2535,2430,187.01,39.7
5350483.01,5350483.01,Ontario,F,4782,4902,F,-2.4,1828,1778,9.89,483.5
5350483.02,5350483.02,Ontario,F,3237,2732,F,18.5,1221,1194,65.23,49.6
5350484.02,5350484.02,Ontario,F,6071,6240,F,-2.7,2148,2124,93.82,64.7
5350484.03,5350484.03,Ontario,F,3976,2723,T,46,1956,1930,10.35,384
5350484.04,5350484.04,Ontario,F,885,873,T,1.4,328,313,79.7,11.1
5350485.01,5350485.01,Ontario,F,8215,6325,F,29.9,2876,2812,8.71,943.5
5350485.02,5350485.02,Ontario,F,7076,6439,F,9.9,2834,2755,6.51,1086.4
5350500.01,5350500.01,Ontario,F,3381,3441,F,-1.7,1634,1574,0.79,4253.9
5350500.02,5350500.02,Ontario,F,4874,4776,F,2.1,2304,2218,3.16,1540
5350501.01,5350501.01,Ontario,F,5945,5816,F,2.2,2602,2548,8.8,675.3
5350501.02,5350501.02,Ontario,F,6814,7097,F,-4,2447,2385,4,1703.4
5350502.01,5350502.01,Ontario,F,5429,5602,F,-3.1,2004,1969,1.17,4627.9
5350502.02,5350502.02,Ontario,F,2545,2597,F,-2,947,933,0.69,3678.8
5350503,5350503,Ontario,F,5017,5228,F,-4,1899,1868,1.67,2997.7
5350504,5350504,Ontario,F,3392,3409,F,-0.5,1218,1206,1.38,2461.4
5350505.01,5350505.01,Ontario,F,4688,4728,F,-0.8,1481,1460,2.76,1696.6
5350505.02,5350505.02,Ontario,F,5762,5822,F,-1,1824,1775,3.82,1506.9
5350506,5350506,Ontario,F,2717,2677,F,1.5,860,834,1.85,1472.4
5350507,5350507,Ontario,F,3702,3683,F,0.5,1348,1317,2.06,1796.2
5350508,5350508,Ontario,F,3175,3333,F,-4.7,1178,1151,1.31,2422.4
5350509.01,5350509.01,Ontario,F,5015,5133,F,-2.3,1992,1961,1.95,2576.4
5350509.02,5350509.02,Ontario,F,3168,3103,F,2.1,1280,1258,2.92,1086.3
5350510,5350510,Ontario,F,5540,5595,F,-1,2035,2002,6.32,876.1
5350511.01,5350511.01,Ontario,F,6166,6095,T,1.2,2646,2578,0.45,13578.5
5350511.02,5350511.02,Ontario,F,4714,4744,F,-0.6,1828,1775,1.4,3379.2
5350512,5350512,Ontario,F,6012,5883,T,2.2,2229,2181,2.05,2926.4
5350513.01,5350513.01,Ontario,F,6973,6909,F,0.9,2485,2449,3.5,1991.6
5350513.02,5350513.02,Ontario,F,6352,6543,F,-2.9,2492,2447,1.1,5767.2
5350513.03,5350513.03,Ontario,F,3527,3934,F,-10.3,1181,1158,1.07,3307.1
5350513.04,5350513.04,Ontario,F,3742,3876,F,-3.5,1267,1240,1.36,2746.8
5350514.01,5350514.01,Ontario,F,2340,2426,F,-3.5,792,762,3.36,696.5
5350514.02,5350514.02,Ontario,F,5832,6004,F,-2.9,1843,1805,1.93,3023.3
5350515.01,5350515.01,Ontario,F,4305,4348,F,-1,1519,1514,2.75,1567.8
5350515.02,5350515.02,Ontario,F,3874,3960,F,-2.2,1373,1362,1.41,2746.9
5350516.01,5350516.01,Ontario,F,5445,5471,F,-0.5,1825,1801,1.45,3747.7
5350516.02,5350516.02,Ontario,F,4852,4855,F,-0.1,1579,1565,1.74,2781.8
5350516.03,5350516.03,Ontario,F,5715,5850,F,-2.3,2209,2195,1.12,5122.3
5350516.04,5350516.04,Ontario,F,6250,6422,F,-2.7,2646,2590,1.03,6078
5350516.05,5350516.05,Ontario,F,6156,6272,F,-1.8,2183,2141,1.17,5280.5
5350516.06,5350516.06,Ontario,F,4934,4769,F,3.5,1811,1739,0.91,5450.1
5350516.08,5350516.08,Ontario,F,5971,6064,F,-1.5,2216,2186,1.33,4504
5350516.09,5350516.09,Ontario,F,7000,7027,F,-0.4,2622,2555,2.38,2946.3
5350516.11,5350516.11,Ontario,F,4646,4918,F,-5.5,1465,1448,2.18,2131.1
5350516.16,5350516.16,Ontario,F,5533,5118,F,8.1,2199,2084,2.94,1883.7
5350516.17,5350516.17,Ontario,F,3583,3586,F,-0.1,1369,1345,1.08,3317.9
5350516.18,5350516.18,Ontario,F,3555,3603,F,-1.3,1195,1188,1.16,3073.4
5350516.2,5350516.2,Ontario,F,6249,6313,F,-1,1878,1870,1.32,4726.6
5350516.21,5350516.21,Ontario,F,2918,3020,F,-3.4,869,865,1.35,2156.5
5350516.22,5350516.22,Ontario,F,6967,7045,F,-1.1,1974,1961,1.68,4153.7
5350516.23,5350516.23,Ontario,F,5605,5791,F,-3.2,1644,1614,1.32,4252
5350516.24,5350516.24,Ontario,F,4081,4225,F,-3.4,1245,1228,2.83,1441.1
5350516.25,5350516.25,Ontario,F,3870,4054,F,-4.5,1261,1234,2.82,1372
5350516.26,5350516.26,Ontario,F,6832,7144,F,-4.4,2059,2006,1.49,4571.4
5350516.28,5350516.28,Ontario,F,4820,4808,F,0.2,1448,1439,0.92,5264.9
5350516.29,5350516.29,Ontario,F,4857,4880,F,-0.5,1502,1492,0.75,6434.8
5350516.3,5350516.3,Ontario,F,5931,6014,F,-1.4,1705,1682,2.41,2463
5350516.31,5350516.31,Ontario,F,2804,2879,F,-2.6,935,873,1.43,1967.6
5350516.32,5350516.32,Ontario,F,4951,4939,F,0.2,1440,1431,1.04,4740.1
5350516.37,5350516.37,Ontario,F,6099,5526,F,10.4,2505,2249,1.15,5316.9
5350516.38,5350516.38,Ontario,F,6517,6396,F,1.9,1883,1846,1.58,4135.9
5350516.39,5350516.39,Ontario,F,5168,5132,F,0.7,1323,1312,3.49,1479.4
5350516.4,5350516.4,Ontario,F,6382,6218,F,2.6,1811,1795,1.32,4851
5350516.41,5350516.41,Ontario,F,5734,5059,F,13.3,1714,1675,0.67,8501.1
5350516.42,5350516.42,Ontario,F,8626,8498,F,1.5,2303,2282,1.68,5119.6
5350516.43,5350516.43,Ontario,F,4210,4217,F,-0.2,1423,1407,1.27,3311.6
5350516.44,5350516.44,Ontario,F,5438,4965,F,9.5,1568,1553,1.28,4262.1
5350516.46,5350516.46,Ontario,F,7625,7371,F,3.4,1902,1887,1.23,6218.4
5350516.47,5350516.47,Ontario,F,5127,5029,F,1.9,1353,1342,1.17,4367.9
5350516.48,5350516.48,Ontario,F,6661,4307,T,54.7,1790,1756,0.91,7331.1
5350516.49,5350516.49,Ontario,F,8971,7525,T,19.2,2741,2670,1.49,6004.3
5350517,5350517,Ontario,F,1678,1719,F,-2.4,594,588,1.23,1365.3
5350518,5350518,Ontario,F,4236,4420,F,-4.2,1648,1574,0.74,5713.5
5350519,5350519,Ontario,F,3810,3931,F,-3.1,1367,1244,1.11,3420.7
5350520.01,5350520.01,Ontario,F,5483,5583,F,-1.8,1728,1619,2.62,2090.1
5350520.02,5350520.02,Ontario,F,7102,6742,F,5.3,2433,2331,1.64,4330.5
5350520.05,5350520.05,Ontario,F,3637,3744,F,-2.9,1330,1260,0.57,6420.1
5350520.07,5350520.07,Ontario,F,5198,5040,F,3.1,2013,1988,0.34,15360.5
5350520.08,5350520.08,Ontario,F,6304,6475,F,-2.6,2346,2305,1.11,5669.6
5350520.09,5350520.09,Ontario,F,7125,6448,F,10.5,3398,3257,0.27,26060.7
5350520.1,5350520.1,Ontario,F,9663,9200,F,5,4586,4071,0.48,20143.8
5350521.01,5350521.01,Ontario,F,5684,5665,F,0.3,2380,2325,0.2,28491.2
5350521.02,5350521.02,Ontario,F,3483,3513,F,-0.9,1200,1176,0.86,4049.1
5350521.03,5350521.03,Ontario,F,4995,5072,F,-1.5,1531,1514,0.63,7975.4
5350521.04,5350521.04,Ontario,F,6604,6465,F,2.2,2352,2324,1.28,5141.7
5350521.05,5350521.05,Ontario,F,4201,4267,F,-1.5,1812,1778,0.75,5599.8
5350521.06,5350521.06,Ontario,F,5575,5184,F,7.5,2476,2443,0.62,9018.1
5350522,5350522,Ontario,F,6008,5957,F,0.9,2229,2198,1.75,3437.3
5350523,5350523,Ontario,F,6170,6110,F,1,2567,2511,1.18,5228.4
5350524.01,5350524.01,Ontario,F,4737,4896,F,-3.2,1682,1664,0.81,5879.4
5350524.02,5350524.02,Ontario,F,3579,3668,F,-2.4,1602,1563,0.63,5689.1
5350525.01,5350525.01,Ontario,F,3450,3537,F,-2.5,1154,1128,0.52,6642.3
5350525.02,5350525.02,Ontario,F,4662,4550,F,2.5,1972,1809,1.8,2586.8
5350526.01,5350526.01,Ontario,F,6042,6318,F,-4.4,2033,1996,0.76,7974.1
5350526.02,5350526.02,Ontario,F,3557,3452,F,3,1325,1298,0.81,4402.8
5350527.01,5350527.01,Ontario,F,10665,7324,F,45.6,5410,4745,2.46,4333.6
5350527.02,5350527.02,Ontario,F,5258,5362,F,-1.9,1821,1777,1.16,4533.5
5350527.03,5350527.03,Ontario,F,8677,7003,F,23.9,3756,3482,1.3,6693.7
5350527.04,5350527.04,Ontario,F,5778,5868,F,-1.5,2138,2118,1.67,3467.8
5350527.05,5350527.05,Ontario,F,5629,5905,F,-4.7,2092,2056,1.66,3391
5350527.06,5350527.06,Ontario,F,3979,4186,F,-4.9,1265,1236,1.06,3750.6
5350527.07,5350527.07,Ontario,F,4916,5171,F,-4.9,1703,1662,1.3,3783.9
5350527.08,5350527.08,Ontario,F,4172,4501,F,-7.3,1331,1288,1.21,3440
5350527.09,5350527.09,Ontario,F,3415,3587,F,-4.8,1109,1097,1.9,1792.7
5350528.01,5350528.01,Ontario,F,5695,5343,F,6.6,1774,1741,1.31,4331.8
5350528.02,5350528.02,Ontario,F,7622,8095,F,-5.8,2228,2189,1.54,4944.9
5350528.1,5350528.1,Ontario,F,8863,8809,F,0.6,2513,2461,1.52,5817.9
5350528.11,5350528.11,Ontario,F,5511,5533,F,-0.4,2628,2524,0.21,26368.4
5350528.12,5350528.12,Ontario,F,5748,6056,F,-5.1,1597,1548,1.44,3990.6
5350528.13,5350528.13,Ontario,F,3509,3601,F,-2.6,988,966,1.44,2431.1
5350528.15,5350528.15,Ontario,F,4438,4502,F,-1.4,1214,1198,0.89,4973.7
5350528.16,5350528.16,Ontario,F,5188,5279,F,-1.7,1434,1418,0.87,5980.4
5350528.18,5350528.18,Ontario,F,6831,6975,F,-2.1,1941,1906,1.55,4415.1
5350528.19,5350528.19,Ontario,F,5359,5631,F,-4.8,1614,1583,0.77,6958.8
5350528.2,5350528.2,Ontario,F,5909,6132,F,-3.6,1857,1744,3.26,1810
5350528.21,5350528.21,Ontario,F,4354,4663,F,-6.6,1430,1410,1.39,3136.7
5350528.22,5350528.22,Ontario,F,6543,6923,F,-5.5,1862,1747,1.38,4750.3
5350528.24,5350528.24,Ontario,F,5234,5564,F,-5.9,1568,1510,4.66,1124.3
5350528.25,5350528.25,Ontario,F,7714,7886,F,-2.2,2519,2484,1.23,6280.2
5350528.26,5350528.26,Ontario,F,5325,4688,F,13.6,2243,2079,0.62,8630.5
5350528.31,5350528.31,Ontario,F,6332,6666,F,-5,2039,1957,0.82,7678.9
5350528.32,5350528.32,Ontario,F,4190,4413,F,-5.1,1102,1081,1.95,2149.8
5350528.33,5350528.33,Ontario,F,6444,6676,F,-3.5,1800,1763,2.51,2563.6
5350528.34,5350528.34,Ontario,F,5975,6122,F,-2.4,1869,1855,3.34,1788
5350528.35,5350528.35,Ontario,F,3310,3394,F,-2.5,908,898,15.05,220
5350528.36,5350528.36,Ontario,F,8215,8706,F,-5.6,2061,1944,1.11,7381
5350528.37,5350528.37,Ontario,F,8535,6669,F,28,2233,2212,8.54,999.2
5350528.39,5350528.39,Ontario,F,6886,6817,F,1,1982,1962,5.93,1161.1
5350528.4,5350528.4,Ontario,F,6198,6000,F,3.3,1705,1696,3.45,1795.9
5350528.41,5350528.41,Ontario,F,7940,7760,F,2.3,2089,2035,55.78,142.3
5350528.42,5350528.42,Ontario,F,5566,5312,F,4.8,1335,1314,1.16,4788
5350528.43,5350528.43,Ontario,F,5110,4383,F,16.6,1499,1478,0.72,7131.9
5350528.44,5350528.44,Ontario,F,2081,2202,F,-5.5,625,621,0.68,3043.3
5350528.45,5350528.45,Ontario,F,5652,5800,F,-2.6,1792,1768,0.98,5740.4
5350528.46,5350528.46,Ontario,F,7144,6846,F,4.4,1842,1811,0.89,8070.5
5350528.47,5350528.47,Ontario,F,5261,5345,F,-1.6,1479,1449,1.61,3267.3
5350528.48,5350528.48,Ontario,F,7955,6990,F,13.8,1928,1906,2.29,3468
5350528.49,5350528.49,Ontario,F,4860,4811,F,1,1271,1258,1.73,2805.2
5350529.01,5350529.01,Ontario,F,3848,3767,F,2.2,1363,1193,1,3847.2
5350529.02,5350529.02,Ontario,F,4676,4726,F,-1.1,1528,1424,0.79,5892.1
5350530.01,5350530.01,Ontario,F,5212,5238,F,-0.5,1643,1549,0.84,6168.8
5350530.02,5350530.02,Ontario,F,3169,3324,F,-4.7,1050,1009,0.4,7930.4
5350531.01,5350531.01,Ontario,F,4144,4257,F,-2.7,1392,1318,0.67,6191.5
5350531.02,5350531.02,Ontario,F,6660,6936,F,-4,2065,1929,1.34,4984.7
5350532.01,5350532.01,Ontario,F,4353,4394,F,-0.9,1350,1221,0.83,5259.2
5350532.02,5350532.02,Ontario,F,4629,4670,F,-0.9,1449,1312,0.69,6706.8
5350540.01,5350540.01,Ontario,F,5031,5134,F,-2,2709,2590,1.55,3241
5350540.02,5350540.02,Ontario,F,5599,5406,F,3.6,2925,2825,1.08,5179.5
5350550.01,5350550.01,Ontario,F,4649,4424,F,5.1,1682,1666,7.56,615.2
5350550.02,5350550.02,Ontario,F,7464,7399,F,0.9,3140,2914,3,2491.8
5350560,5350560,Ontario,F,6270,6221,F,0.8,2174,2133,4.14,1516
5350561,5350561,Ontario,F,6447,5852,F,10.2,2378,2322,4.65,1387
5350562.02,5350562.02,Ontario,F,6494,6616,F,-1.8,2174,2125,2.05,3169.2
5350562.03,5350562.03,Ontario,F,4824,5058,F,-4.6,1655,1589,1.07,4516.9
5350562.04,5350562.04,Ontario,F,4528,4688,F,-3.4,1513,1451,1.05,4329.3
5350562.05,5350562.05,Ontario,F,5659,5513,F,2.6,2297,2249,1.29,4376.3
5350562.06,5350562.06,Ontario,F,3036,3120,F,-2.7,1007,953,0.83,3646
5350562.07,5350562.07,Ontario,F,4480,4719,F,-5.1,1472,1400,1.11,4040.8
5350562.08,5350562.08,Ontario,F,4103,4147,F,-1.1,1437,1393,1.04,3945.2
5350562.09,5350562.09,Ontario,F,3880,4027,F,-3.7,1335,1286,1,3886.6
5350562.11,5350562.11,Ontario,F,3030,3113,F,-2.7,1025,1000,0.77,3915.7
5350562.12,5350562.12,Ontario,F,7092,6568,F,8,3010,2741,0.92,7739.8
5350562.13,5350562.13,Ontario,F,1227,1230,F,-0.2,373,370,5.97,205.6
5350562.14,5350562.14,Ontario,F,3924,4034,F,-2.7,1160,1118,0.99,3974.9
5350562.15,5350562.15,Ontario,F,3724,3905,F,-4.6,1098,1066,0.97,3842.7
5350563.01,5350563.01,Ontario,F,6743,7088,F,-4.9,2540,2507,0.86,7855.3
5350563.02,5350563.02,Ontario,F,2934,3100,F,-5.4,1041,1013,1.01,2897.8
5350564.01,5350564.01,Ontario,F,2328,2301,F,1.2,764,751,0.84,2765.2
5350564.02,5350564.02,Ontario,F,4788,5030,F,-4.8,1519,1455,0.92,5225.9
5350570.01,5350570.01,Ontario,F,3297,3233,F,2,1354,1343,8.14,404.9
5350570.02,5350570.02,Ontario,F,3645,3614,F,0.9,1317,1306,1.31,2775
5350571.01,5350571.01,Ontario,F,3855,3880,F,-0.6,1458,1404,0.73,5296.1
5350571.02,5350571.02,Ontario,F,3998,4065,F,-1.6,1533,1484,1.36,2941
5350572.01,5350572.01,Ontario,F,6789,6849,F,-0.9,2751,2634,2.1,3232.1
5350572.04,5350572.04,Ontario,F,3124,3201,F,-2.4,1043,1019,0.8,3893.3
5350572.05,5350572.05,Ontario,F,5902,6236,F,-5.4,2386,2330,0.82,7161.8
5350572.07,5350572.07,Ontario,F,4645,4864,F,-4.5,1348,1300,1.19,3911.9
5350572.08,5350572.08,Ontario,F,5455,5416,F,0.7,1529,1430,0.86,6318
5350572.09,5350572.09,Ontario,F,4810,3996,F,20.4,1311,1282,1.69,2845
5350572.1,5350572.1,Ontario,F,3598,3819,F,-5.8,978,944,0.48,7433.9
5350573.03,5350573.03,Ontario,F,6441,6649,F,-3.1,2108,2023,1.39,4617.5
5350573.05,5350573.05,Ontario,F,5585,5692,F,-1.9,1875,1817,1.39,4017.7
5350573.06,5350573.06,Ontario,F,4598,4682,F,-1.8,1444,1436,0.83,5563.2
5350573.07,5350573.07,Ontario,F,5818,5987,F,-2.8,2281,2225,1.54,3776.2
5350573.09,5350573.09,Ontario,F,6060,5976,F,1.4,1726,1669,1.38,4393.2
5350573.1,5350573.1,Ontario,F,3196,3163,F,1,854,845,0.8,3973.6
5350573.11,5350573.11,Ontario,F,5082,5139,F,-1.1,1305,1277,0.68,7470.2
5350574,5350574,Ontario,F,6619,6071,F,9,3714,3524,1.99,3331
5350575.01,5350575.01,Ontario,F,5892,6189,F,-4.8,2139,2011,1.21,4873.9
5350575.02,5350575.02,Ontario,F,4698,4527,F,3.8,1954,1866,1,4691
5350575.03,5350575.03,Ontario,F,6703,6795,F,-1.4,2220,2092,1.08,6230.1
5350575.04,5350575.04,Ontario,F,6198,6354,F,-2.5,2125,2058,1.57,3949.5
5350575.05,5350575.05,Ontario,F,6932,7001,F,-1,2265,2209,1.56,4441.6
5350575.07,5350575.07,Ontario,F,4075,3929,F,3.7,1023,1004,0.74,5486.7
5350575.08,5350575.08,Ontario,F,5561,5901,F,-5.8,1719,1631,1,5567.7
5350576.04,5350576.04,Ontario,F,4398,4527,F,-2.8,1437,1416,3.24,1358.6
5350576.05,5350576.05,Ontario,F,7022,7161,F,-1.9,2066,1965,1.53,4575.2
5350576.06,5350576.06,Ontario,F,7300,6967,F,4.8,2330,2212,2.23,3270.9
5350576.07,5350576.07,Ontario,F,4573,4696,F,-2.6,1378,1347,3.55,1289.2
5350576.09,5350576.09,Ontario,F,3782,3893,F,-2.9,1282,1271,1.87,2027
5350576.1,5350576.1,Ontario,F,12449,7135,F,74.5,3613,3546,5.87,2120.5
5350576.16,5350576.16,Ontario,F,6468,6667,F,-3,1659,1592,0.99,6566.5
5350576.17,5350576.17,Ontario,F,6767,6902,F,-2,1747,1669,1.18,5751.8
5350576.2,5350576.2,Ontario,F,6827,7034,F,-2.9,1655,1565,0.97,7029.4
5350576.22,5350576.22,Ontario,F,7401,7798,F,-5.1,1877,1796,1.74,4264
5350576.24,5350576.24,Ontario,F,10438,8186,F,27.5,2474,2414,27.04,386
5350576.29,5350576.29,Ontario,F,4136,4350,F,-4.9,1146,1133,0.73,5660.3
5350576.31,5350576.31,Ontario,F,3786,3598,F,5.2,1169,1160,1.62,2343.5
5350576.32,5350576.32,Ontario,F,9555,9284,F,2.9,2538,2514,1.72,5548.5
5350576.33,5350576.33,Ontario,F,2518,2731,F,-7.8,809,793,0.76,3295.4
5350576.34,5350576.34,Ontario,F,6067,5983,F,1.4,1709,1677,1.8,3374.9
5350576.4,5350576.4,Ontario,F,7968,7409,F,7.5,1861,1779,29.19,273
5350576.41,5350576.41,Ontario,F,8197,7948,F,3.1,2047,2029,1.19,6881.3
5350576.42,5350576.42,Ontario,F,12430,8877,F,40,3350,3319,1.91,6511.9
5350576.43,5350576.43,Ontario,F,6463,6382,F,1.3,1735,1701,1.4,4610.5
5350576.44,5350576.44,Ontario,F,2784,2776,F,0.3,735,730,0.87,3186.4
5350576.45,5350576.45,Ontario,F,2929,2988,F,-2,721,703,0.55,5356.6
5350576.46,5350576.46,Ontario,F,5318,5568,F,-4.5,1392,1334,0.68,7796.5
5350576.47,5350576.47,Ontario,F,4062,3316,F,22.5,921,873,1.54,2644.5
5350576.49,5350576.49,Ontario,F,6039,4817,F,25.4,1595,1534,0.76,7995.5
5350576.5,5350576.5,Ontario,F,6735,6642,F,1.4,1713,1667,1.22,5508.8
5350576.52,5350576.52,Ontario,F,5871,5852,T,0.3,1477,1462,0.9,6559
5350576.53,5350576.53,Ontario,F,4441,4209,T,5.5,1118,1107,0.83,5327.5
5350576.54,5350576.54,Ontario,F,4682,4196,T,11.6,1079,1065,2.59,1804.9
5350576.55,5350576.55,Ontario,F,6800,6576,T,3.4,1518,1475,1.13,6010.3
5350576.56,5350576.56,Ontario,F,7839,7868,T,-0.4,1718,1682,1.19,6564.2
5350576.57,5350576.57,Ontario,F,3505,3432,T,2.1,1091,1058,2.96,1184.7
5350576.58,5350576.58,Ontario,F,8392,5415,T,55,2094,2056,2.79,3013.1
5350576.59,5350576.59,Ontario,F,6551,6489,T,1,1562,1501,0.93,7041.8
5350576.6,5350576.6,Ontario,F,8505,1921,T,342.7,1939,1919,1.78,4767.9
5350576.61,5350576.61,Ontario,F,11174,4043,T,176.4,2584,2573,2.02,5544.9
5350576.62,5350576.62,Ontario,F,7013,7046,T,-0.5,1641,1564,1.19,5917.6
5350576.63,5350576.63,Ontario,F,6183,3425,T,80.5,1400,1345,2.32,2668.3
5350576.64,5350576.64,Ontario,F,8607,8633,T,-0.3,1984,1945,1.83,4697.1
5350576.65,5350576.65,Ontario,F,2364,1990,T,18.8,632,598,1.49,1585.5
5350576.66,5350576.66,Ontario,F,6608,5670,T,16.5,1446,1415,2.94,2244
5350576.67,5350576.67,Ontario,F,8090,7860,T,2.9,1779,1741,1.24,6503.2
5350576.68,5350576.68,Ontario,F,5096,5461,T,-6.7,1234,1197,1.11,4577.8
5350576.69,5350576.69,Ontario,F,5665,4882,T,16,1305,1281,1.59,3555.3
5350576.7,5350576.7,Ontario,F,18972,5804,T,226.9,5147,5053,23.28,815
5350576.71,5350576.71,Ontario,F,23401,4624,T,406.1,5646,5500,7.87,2974
5350576.72,5350576.72,Ontario,F,9492,5558,T,70.8,2861,2636,22.61,419.8
5350585.02,5350585.02,Ontario,F,6180,6362,F,-2.9,1936,1873,76.89,80.4
5350585.03,5350585.03,Ontario,F,5451,5532,F,-1.5,1972,1912,8.18,666.4
5350585.05,5350585.05,Ontario,F,7211,7460,F,-3.3,2302,2272,4.07,1773.8
5350585.07,5350585.07,Ontario,F,7011,5322,F,31.7,2402,2323,98.94,70.9
5350585.08,5350585.08,Ontario,F,3829,3738,F,2.4,1219,1183,42.76,89.6
5350585.09,5350585.09,Ontario,F,5761,5914,F,-2.6,1872,1843,2.51,2293
5350585.1,5350585.1,Ontario,F,4112,4268,F,-3.7,1298,1283,1.95,2113.8
5350586.01,5350586.01,Ontario,F,12562,6361,F,97.5,3663,3595,84.23,149.1
5350586.02,5350586.02,Ontario,F,2894,2927,F,-1.1,1088,1004,85.5,33.8
5350587.01,5350587.01,Ontario,F,5966,6144,F,-2.9,2066,1990,131.27,45.4
5350587.02,5350587.02,Ontario,F,5525,5432,F,1.7,2203,1978,151.88,36.4
5350590,5350590,Ontario,F,4966,4990,F,-0.5,2206,2144,1.87,2662.4
5350591.01,5350591.01,Ontario,F,5442,5158,F,5.5,1806,1803,3.14,1734.7
5350591.02,5350591.02,Ontario,F,5026,4940,F,1.7,1732,1722,2.96,1699.4
5350592.01,5350592.01,Ontario,F,6874,6984,F,-1.6,2822,2775,3.92,1754.3
5350592.02,5350592.02,Ontario,F,6592,5903,F,11.7,2130,2121,3.73,1768.8
5350593,5350593,Ontario,F,8609,7546,F,14.1,3127,2919,277.83,31
5350600.01,5350600.01,Ontario,F,6302,6284,F,0.3,2069,2028,4.95,1273.7
5350600.02,5350600.02,Ontario,F,7016,7213,F,-2.7,2113,2102,5.35,1312.1
5350601,5350601,Ontario,F,4115,4050,F,1.6,1355,1282,3.21,1280
5350602,5350602,Ontario,F,4898,4877,F,0.4,1844,1749,3.97,1234.8
5350603,5350603,Ontario,F,4999,4709,F,6.2,2781,2524,1.16,4314.7
5350604,5350604,Ontario,F,2343,2440,F,-4,1258,1152,0.86,2727.9
5350605,5350605,Ontario,F,2532,2317,F,9.3,1115,1012,1.51,1679.5
5350606,5350606,Ontario,F,5092,4992,F,2,2203,2102,3.39,1500.5
5350607,5350607,Ontario,F,2978,3034,F,-1.8,1114,1072,3.24,919.8
5350608,5350608,Ontario,F,2674,2580,F,3.6,911,864,1.41,1896.3
5350609,5350609,Ontario,F,2802,2734,F,2.5,970,933,2.15,1303.2
5350610.02,5350610.02,Ontario,F,8876,8472,F,4.8,3054,2972,3.23,2749.9
5350610.03,5350610.03,Ontario,F,4533,4100,F,10.6,2620,2452,1.16,3915.9
5350610.04,5350610.04,Ontario,F,3244,3183,F,1.9,1434,1412,0.99,3281.1
5350611,5350611,Ontario,F,4992,4920,F,1.5,1737,1718,4.92,1014
5350612.01,5350612.01,Ontario,F,68,38,F,78.9,20,19,8.02,8.5
5350612.03,5350612.03,Ontario,F,6249,6458,F,-3.2,2052,1992,4.15,1504.9
5350612.05,5350612.05,Ontario,F,5871,5985,F,-1.9,2056,2017,3.27,1796.5
5350612.08,5350612.08,Ontario,F,5562,5565,F,-0.1,1705,1687,1.66,3342.5
5350612.1,5350612.1,Ontario,F,51,35,F,45.7,17,17,4.2,12.1
5350612.11,5350612.11,Ontario,F,5811,5961,F,-2.5,1765,1760,2.44,2379.2
5350612.12,5350612.12,Ontario,F,6846,6928,F,-1.2,2051,2040,1.8,3812.2
5350612.13,5350612.13,Ontario,F,3811,3924,F,-2.9,1429,1410,1.21,3141
5350612.14,5350612.14,Ontario,F,4261,4470,F,-4.7,1474,1461,2.12,2011.1
5350612.15,5350612.15,Ontario,F,7111,5762,F,23.4,2194,2167,4.06,1751.1
5350612.18,5350612.18,Ontario,F,4379,4301,F,1.8,1343,1338,1.58,2771.7
5350612.19,5350612.19,Ontario,F,4067,3990,F,1.9,1301,1294,1.01,4010.1
5350612.2,5350612.2,Ontario,F,4403,4388,F,0.3,1325,1322,1.05,4194.1
5350612.21,5350612.21,Ontario,F,6694,6225,F,7.5,2020,1979,1.36,4935.5
5350612.22,5350612.22,Ontario,F,7321,6150,F,19,2155,2090,1.44,5084
5350612.23,5350612.23,Ontario,F,4822,4621,F,4.3,1374,1369,1.34,3592.6
5350612.24,5350612.24,Ontario,F,7982,7300,F,9.3,2489,2351,2.61,3056.8
5350612.25,5350612.25,Ontario,F,5474,5666,F,-3.4,1613,1597,1.59,3433.5
5350612.26,5350612.26,Ontario,F,4141,3159,T,31.1,1967,1783,1.14,3642.4
5350612.27,5350612.27,Ontario,F,5322,5468,T,-2.7,1719,1707,1.57,3382.9
5350613.01,5350613.01,Ontario,F,4134,4224,F,-2.1,1551,1515,1.9,2176
5350613.03,5350613.03,Ontario,F,4071,4052,F,0.5,1674,1610,1.75,2332.3
5350613.04,5350613.04,Ontario,F,4477,4449,F,0.6,2104,1915,1.33,3374.5
5350614.01,5350614.01,Ontario,F,3137,3187,F,-1.6,1100,1098,1.59,1975.2
5350614.02,5350614.02,Ontario,F,3941,3956,F,-0.4,1438,1428,3.07,1284.6
5350615,5350615,Ontario,F,6430,353,F,1721.5,2103,1929,40.14,160.2
5350620.01,5350620.01,Ontario,F,9195,7789,F,18.1,3153,2967,2.51,3658.4
5350620.05,5350620.05,Ontario,F,4590,4502,F,2,1242,1239,1.04,4405.8
5350620.06,5350620.06,Ontario,F,6801,5613,F,21.2,2249,2048,1.13,6010.6
5350620.07,5350620.07,Ontario,F,5447,5165,F,5.5,1402,1398,0.97,5588.4
5350620.08,5350620.08,Ontario,F,7926,5192,T,52.7,2407,2369,1.38,5742.6
5350620.09,5350620.09,Ontario,F,5278,4161,T,26.8,1694,1550,0.94,5607.7
5350620.1,5350620.1,Ontario,F,11955,7105,T,68.3,3252,3238,2.5,4786.2
5350620.11,5350620.11,Ontario,F,11685,7004,T,66.8,3489,3461,4.55,2570.9
5350620.12,5350620.12,Ontario,F,17652,8417,T,109.7,5405,5016,8.47,2084.4
5350620.13,5350620.13,Ontario,F,2369,2425,T,-2.3,891,822,126.33,18.8
5350621,5350621,Ontario,F,5583,5587,F,-0.1,1990,1985,2.54,2195.4
5350622,5350622,Ontario,F,6042,6035,F,0.1,2300,2267,2.63,2295.5
5350623,5350623,Ontario,F,3604,3391,F,6.3,1781,1720,1.49,2421.1
5350624,5350624,Ontario,F,5280,5351,F,-1.3,1991,1976,1.72,3062.3
5350625,5350625,Ontario,F,880,789,F,11.5,180,172,15.13,58.2
5350626,5350626,Ontario,F,5841,5836,F,0.1,2111,2029,189.88,30.8
5350630,5350630,Ontario,F,3315,3284,T,0.9,1147,1092,110.26,30.1
5350631.02,5350631.02,Ontario,F,4903,4399,F,11.5,1446,1441,2.4,2040.9
5350631.03,5350631.03,Ontario,F,4827,4667,F,3.4,1348,1321,1.65,2924.4
5350631.04,5350631.04,Ontario,F,5440,4433,F,22.7,1663,1638,1.61,3375.7
5350632,5350632,Ontario,F,4353,4514,F,-3.6,1703,1674,2.05,2121.3
5350633,5350633,Ontario,F,3379,3129,F,8,1424,1386,3.67,921.6
5350634.01,5350634.01,Ontario,F,4431,4451,F,-0.4,1481,1469,2.98,1485.7
5350634.02,5350634.02,Ontario,F,3666,3750,F,-2.2,1397,1382,1.44,2545.7
5350635,5350635,Ontario,F,6066,5967,F,1.7,2542,2492,2.9,2091.4
5350636,5350636,Ontario,F,3064,2849,F,7.5,1135,1110,1.56,1969.8
5350637,5350637,Ontario,F,7255,7139,F,1.6,2297,2249,128.97,56.3
5350638,5350638,Ontario,F,6012,6141,F,-2.1,2347,2297,6.43,935.3
5350639,5350639,Ontario,F,4450,4290,F,3.7,1545,1527,10.35,430.1
5350800.01,5350800.01,Ontario,F,3107,2519,F,23.3,1461,1404,1.07,2907.3
5350800.02,5350800.02,Ontario,F,4534,4712,F,-3.8,1878,1768,10.51,431.2
5350801.01,5350801.01,Ontario,F,3513,3911,F,-10.2,1409,1376,1.45,2419.8
5350801.02,5350801.02,Ontario,F,5881,5761,F,2.1,2043,2001,3.85,1528.6
5350802.01,5350802.01,Ontario,F,3829,3976,F,-3.7,1290,1267,2.18,1754.7
5350802.02,5350802.02,Ontario,F,5675,5350,F,6.1,1844,1826,2.26,2511.4
5350803.03,5350803.03,Ontario,F,5375,5424,F,-0.9,1779,1730,2.96,1813.3
5350803.04,5350803.04,Ontario,F,5923,5894,F,0.5,1761,1729,2.79,2125.3
5350803.05,5350803.05,Ontario,F,6831,6778,F,0.8,2101,2085,2.46,2782.3
5350803.06,5350803.06,Ontario,F,5564,5791,F,-3.9,1750,1725,1.56,3558.5
5350804.01,5350804.01,Ontario,F,7247,7218,F,0.4,2308,2270,3.06,2367.3
5350804.05,5350804.05,Ontario,F,6786,7009,F,-3.2,2228,2177,3.06,2220.1
5350804.06,5350804.06,Ontario,F,3039,3172,F,-4.2,1077,1071,0.82,3725.6
5350804.07,5350804.07,Ontario,F,4148,3828,F,8.4,1428,1404,0.91,4567.3
5350804.08,5350804.08,Ontario,F,3663,3888,F,-5.8,1180,1163,2.49,1472.6
5350804.1,5350804.1,Ontario,F,4955,4846,F,2.2,2281,2264,1.5,3313.3
5350804.11,5350804.11,Ontario,F,5537,5633,F,-1.7,2038,2012,1.69,3277.3
5350804.12,5350804.12,Ontario,F,6694,3232,F,107.1,2027,1988,7.53,888.8
5350804.13,5350804.13,Ontario,F,5012,5115,F,-2,1411,1358,1.92,2605.3
5350805.04,5350805.04,Ontario,F,7226,6668,F,8.4,2278,2245,7,1031.6
5350805.06,5350805.06,Ontario,F,6033,5870,F,2.8,1860,1821,1.48,4084.6
5350805.09,5350805.09,Ontario,F,5667,5647,F,0.4,1640,1616,1.12,5066.6
5350805.1,5350805.1,Ontario,F,6452,6520,F,-1,2054,2030,1.18,5456.7
5350805.12,5350805.12,Ontario,F,8669,6617,F,31,2394,2363,12.69,683
5350805.14,5350805.14,Ontario,F,8725,6439,T,35.5,2435,2409,7.78,1121.4
5350805.15,5350805.15,Ontario,F,9412,5013,T,87.8,2607,2575,8.33,1130.4
5350805.16,5350805.16,Ontario,F,7355,6539,T,12.5,1824,1797,2.06,3567.1
5350805.17,5350805.17,Ontario,F,5636,5498,T,2.5,1488,1483,1.25,4507
5350805.18,5350805.18,Ontario,F,3048,3137,T,-2.8,961,951,0.76,3995.8
5350805.19,5350805.19,Ontario,F,1853,1847,T,0.3,637,630,0.3,6241.2
5350805.2,5350805.2,Ontario,F,4736,4098,T,15.6,1434,1409,1.72,2758.8
5350805.21,5350805.21,Ontario,F,1679,1507,T,11.4,518,509,2.3,731
5350806,5350806,Ontario,F,1559,1625,F,-4.1,573,538,62.46,25
5350807,5350807,Ontario,F,2403,2365,F,1.6,897,856,119.47,20.1
5350810.01,5350810.01,Ontario,F,3888,3940,F,-1.3,1793,1715,0.61,6401.1
5350810.02,5350810.02,Ontario,F,2404,2420,F,-0.7,1009,992,0.78,3067.5
5350810.03,5350810.03,Ontario,F,3092,3199,F,-3.3,1213,1208,1.07,2894.9
5350810.04,5350810.04,Ontario,F,5479,5682,F,-3.6,2140,2116,2.54,2160.2
5350810.05,5350810.05,Ontario,F,3602,3819,F,-5.7,1383,1374,3.34,1079.8
5350811,5350811,Ontario,F,3752,3759,F,-0.2,1622,1608,3.56,1054.6
5350812,5350812,Ontario,F,6159,5878,F,4.8,2179,2131,1.55,3971.5
5350820.03,5350820.03,Ontario,F,3888,4039,F,-3.7,1127,1114,1.16,3363.3
5350820.04,5350820.04,Ontario,F,2764,2743,T,0.8,763,753,0.47,5889.6
5350820.05,5350820.05,Ontario,F,2229,2254,T,-1.1,630,624,1.01,2213.3
5350820.06,5350820.06,Ontario,F,1927,1930,T,-0.2,830,814,1.63,1183.2
5350820.07,5350820.07,Ontario,F,4002,4537,T,-11.8,1286,1262,1.33,3017.2
5350830,5350830,Ontario,F,4596,4312,F,6.6,1705,1588,186.55,24.6
5350831.01,5350831.01,Ontario,F,5750,5823,F,-1.3,2058,2031,12.1,475.3
5350831.02,5350831.02,Ontario,F,6780,6510,F,4.1,2661,2627,17.59,385.4
5350832,5350832,Ontario,F,4050,3978,F,1.8,1522,1417,204.71,19.8
,,,,,,,,,,,
Note:,,,,,,,,,,,
"Incompletely enumerated Indian reserves and Indian settlements, 2016",T = excludes census data for one or more incompletely enumerated Indian reserves or Indian settlements.,,,,,,,,,,
2011 adjusted population flag,T = adjusted figure due to boundary change.,,,,,,,,,,
"For further information, refer to: http://www12.statcan.gc.ca/census-recensement/2016/dp-pd/hlt-fst/pd-pl/About.cfm.",,,,,,,,,,,
,,,,,,,,,,,
"Source: Statistics Canada, 2016 Census of Population.",,,,,,,,,,,
"How to cite: Statistics Canada. 2017. Population and dwelling counts, for census metropolitan areas, tracted census agglomerations and census tracts, 2016 and 2011 censuses (table). Population and Dwelling Count Highlight Tables. 2016 Census.",,,,,,,,,,,
"Statistics Canada Catalogue no. 98-402-X2016001. Ottawa. Released February 8, 2017.",,,,,,,,,,,
"http://www12.statcan.gc.ca/census-recensement/2016/dp-pd/hlt-fst/pd-pl/Tables/File.cfm?T=1601&SR=1&RPP=9999&PR=0&CMA=535&CSD=0&S=94&O=A&Lang=Eng&OFT=CSV (accessed October 11, 2022)",,,,,,,,,,,
